<xml version="F1" board="ESP32 Dev Module" xmlns="https://developers.google.com/blockly/xml">
  <variables>
    <variable id="5UfJNA0=o79bB6oFD;?9">door</variable>
    <variable id="do)[Q}.IM0(5R7WO~uvs">card</variable>
  </variables>
  <block type="board_initializes_setup" id="0" x="90" y="10">
    <field name="BOARD_TYPE">ESP32</field>
    <statement name="CONTENT">
      <block type="ez_start_kit_oled_display_setting" id="p}nw3iu3VT]~J|X3Di6!">
        <next>
          <block type="ez_start_kit_oled_display_clear" id="ZuZ,A^Bk3VJoAjBMPFY(">
            <next>
              <block type="huskylens_i2c_init" id="-uc4g%fco^pJNJ0]-WL0">
                <next>
                  <block type="huskylens_set_mode" id="t7;%;+I.XXSRd|fKv@h?">
                    <field name="MODE_LIST">FR</field>
                    <next>
                      <block type="variables_set" id="/?D##45?LXKK*wBTY;b%">
                        <field name="POSITION">global</field>
                        <field name="TYPE">int</field>
                        <field name="VAR" id="5UfJNA0=o79bB6oFD;?9">door</field>
                        <value name="VALUE">
                          <shadow type="math_number" id="SfTmmA-!O!/NO/+9$s]9">
                            <field name="NUM">0</field>
                          </shadow>
                        </value>
                        <next>
                          <block type="variables_set" id="%*XcIQjac;VB5nkw860P">
                            <field name="POSITION">global</field>
                            <field name="TYPE">String</field>
                            <field name="VAR" id="do)[Q}.IM0(5R7WO~uvs">card</field>
                            <value name="VALUE">
                              <shadow type="math_number" id="cjklK(p~2,+l)WJmE7U?">
                                <field name="NUM">0</field>
                              </shadow>
                              <block type="text" id="?cK[Anexhg)8=g7@GZ:N">
                                <field name="TEXT"></field>
                              </block>
                            </value>
                            <next>
                              <block type="ez_start_kit_oled_display_set_album2" id="BKQy4w;)kkjv=vhNAjKj">
                                <value name="Name">
                                  <block type="text" id="~](anyh%d$`;@JNBKI~P">
                                    <field name="TEXT">open</field>
                                  </block>
                                </value>
                                <value name="Data">
                                  <block type="text" id="rF~d`s6-(P6h`8ZnmFL+">
                                    <field name="TEXT">0x00, 0x00, 0x00, 0x00, 0x00, 0x00, 0x00, 0x00, 0x00, 0x00, 0x00, 0x00,    0x00, 0x00, 0x00, 0x00, 0x00, 0x00, 0x00, 0x00, 0x00, 0x00, 0x00, 0x00,    0x00, 0x00, 0x00, 0x00, 0x00, 0x00, 0x00, 0x00, 0x00, 0x00, 0x00, 0x00,    0x00, 0x00, 0x00, 0x00, 0x00, 0x00, 0x00, 0x00, 0x00, 0x00, 0x00, 0x00,    0x00, 0x00, 0x00, 0x00, 0x00, 0x00, 0x00, 0x00, 0x00, 0x00, 0x00, 0x00,    0x00, 0x00, 0x00, 0x00, 0x00, 0x00, 0x00, 0x00, 0x00, 0x00, 0x00, 0x00,    0x00, 0x00, 0x00, 0x00, 0x00, 0x00, 0x00, 0x00, 0x00, 0x00, 0x00, 0x00,    0x00, 0x00, 0x00, 0x00, 0x00, 0x00, 0x00, 0x00, 0x00, 0x00, 0x00, 0x00,    0x00, 0x00, 0x00, 0x00, 0x00, 0x00, 0x00, 0x00, 0x00, 0x00, 0x00, 0x00,    0x00, 0x00, 0x00, 0x00, 0x00, 0x00, 0x00, 0x00, 0x00, 0x00, 0x00, 0x00,    0x00, 0x00, 0x00, 0x00, 0x00, 0x00, 0x00, 0x00, 0x00, 0x00, 0x00, 0x00,    0x00, 0x00, 0x00, 0x00, 0x00, 0x00, 0x00, 0x00, 0x00, 0x00, 0x00, 0x00,    0x00, 0x00, 0x00, 0x00, 0x00, 0x00, 0x00, 0x00, 0x00, 0x00, 0x00, 0x00,    0x00, 0x00, 0x00, 0x00, 0x00, 0x00, 0x00, 0x00, 0x00, 0x00, 0x00, 0x00,    0x00, 0x00, 0x00, 0x00, 0x00, 0x00, 0x00, 0x00, 0x00, 0x00, 0x00, 0x00,    0x00, 0x00, 0x00, 0x00, 0x00, 0x00, 0x00, 0x00, 0x00, 0x00, 0x00, 0x00,    0x00, 0x00, 0x00, 0x00, 0x00, 0x00, 0x00, 0x00, 0x00, 0x00, 0x00, 0x00,    0x00, 0x00, 0x00, 0x00, 0x00, 0x00, 0x00, 0x00, 0x00, 0x00, 0x00, 0x00,    0x00, 0x00, 0x00, 0x00, 0x00, 0x00, 0x00, 0x00, 0x00, 0x00, 0x00, 0x00,    0x00, 0x00, 0x00, 0x00, 0x00, 0x00, 0x00, 0x00, 0x00, 0x00, 0x00, 0x00,    0x00, 0x00, 0x00, 0x00, 0x00, 0x00, 0x00, 0x00, 0x00, 0x00, 0x00, 0x00,    0x00, 0x00, 0x00, 0x00, 0x00, 0x00, 0x00, 0x00, 0x00, 0x00, 0x00, 0x00,    0x00, 0x00, 0x00, 0x00, 0x00, 0x00, 0x00, 0x00, 0x00, 0x00, 0x00, 0x00,    0xF8, 0x7F, 0xFC, 0x1F, 0xF8, 0x3F, 0xFC, 0x1F, 0x00, 0x00, 0x00, 0x00,    0x00, 0x00, 0x00, 0x00, 0xF8, 0x7F, 0xFE, 0x1F, 0xF8, 0x7F, 0xFE, 0x1F,    0x00, 0x00, 0x00, 0x00, 0x00, 0x00, 0x00, 0x00, 0xF8, 0x7F, 0xFE, 0x1F,    0xF8, 0x7F, 0xFE, 0x1F, 0x00, 0x00, 0x00, 0x00, 0x00, 0x00, 0x00, 0x00,    0x38, 0x70, 0x0E, 0x1C, 0x38, 0x70, 0x0E, 0x1C, 0x00, 0x00, 0x00, 0x00,    0x00, 0x00, 0x00, 0x00, 0xF8, 0x7F, 0xFE, 0x1F, 0x38, 0x70, 0x0E, 0x1C,    0x00, 0x00, 0x00, 0x00, 0x00, 0x00, 0x00, 0x00, 0xF8, 0x7F, 0xFE, 0x1F,    0xF8, 0x7F, 0xFE, 0x1F, 0x00, 0x00, 0x00, 0x00, 0x00, 0x00, 0x00, 0x00,    0xF8, 0x7F, 0xFE, 0x1F, 0xF8, 0x7F, 0xFE, 0x1F, 0x00, 0x00, 0x00, 0x00,    0x00, 0x00, 0x00, 0x00, 0x38, 0x70, 0x0E, 0x1C, 0xF8, 0x7F, 0xFE, 0x1F,    0x00, 0x00, 0x00, 0x00, 0x00, 0x00, 0x00, 0x00, 0xF8, 0x7F, 0xFE, 0x1F,    0x38, 0x70, 0x0E, 0x1C, 0x00, 0x00, 0x00, 0x00, 0x00, 0x00, 0x00, 0x00,    0xF8, 0x7F, 0xFE, 0x1F, 0x38, 0x70, 0x0E, 0x1C, 0x00, 0x00, 0x00, 0x00,    0x00, 0x00, 0x00, 0x00, 0xF8, 0x7F, 0xFC, 0x1F, 0x38, 0x70, 0x0E, 0x1C,    0x00, 0x00, 0x00, 0x00, 0x00, 0x00, 0x00, 0x00, 0x38, 0x00, 0x00, 0x1C,    0xF8, 0x7F, 0xFE, 0x1F, 0x00, 0x00, 0x00, 0x00, 0x00, 0x00, 0x00, 0x00,    0x38, 0xFF, 0xFF, 0x1C, 0xF8, 0x7F, 0xFE, 0x1F, 0x00, 0x00, 0x00, 0x00,    0x00, 0x00, 0x00, 0x00, 0x38, 0xFF, 0xFF, 0x1C, 0x38, 0x00, 0x00, 0x1C,    0x00, 0x00, 0x00, 0x00, 0x00, 0x00, 0x00, 0x00, 0x38, 0xFF, 0xFF, 0x1C,    0x38, 0x00, 0x00, 0x1C, 0x00, 0x00, 0x00, 0x00, 0x00, 0x00, 0x00, 0x00,    0x38, 0x30, 0x1C, 0x1C, 0x38, 0x00, 0x00, 0x1C, 0x00, 0x00, 0x00, 0x00,    0x00, 0x00, 0x00, 0x00, 0x38, 0x30, 0x1C, 0x1C, 0x38, 0x00, 0x00, 0x1C,    0x00, 0x00, 0x00, 0x00, 0x00, 0x00, 0x00, 0x00, 0xB8, 0xFF, 0xFF, 0x1D,    0x38, 0x00, 0x00, 0x1C, 0x00, 0x00, 0x00, 0x00, 0x00, 0x00, 0x00, 0x00,    0xB8, 0xFF, 0xFF, 0x1D, 0x38, 0x00, 0x00, 0x1C, 0x00, 0x00, 0x00, 0x00,    0x00, 0x00, 0x00, 0x00, 0xB8, 0xFF, 0xFF, 0x1D, 0x38, 0x00, 0x00, 0x1C,    0x00, 0x00, 0x00, 0x00, 0x00, 0x00, 0x00, 0x00, 0x38, 0x38, 0x1C, 0x1C,    0x38, 0x00, 0x00, 0x1C, 0x00, 0x00, 0x00, 0x00, 0x00, 0x00, 0x00, 0x00,    0x38, 0x38, 0x1C, 0x1C, 0x38, 0x00, 0x00, 0x1C, 0x00, 0x00, 0x00, 0x00,    0x00, 0x00, 0x00, 0x00, 0x38, 0x3C, 0x1C, 0x1C, 0x38, 0x00, 0x00, 0x1C,    0x00, 0x00, 0x00, 0x00, 0x00, 0x00, 0x00, 0x00, 0x38, 0x1C, 0x1C, 0x1C,    0x38, 0x00, 0x00, 0x1C, 0x00, 0x00, 0x00, 0x00, 0x00, 0x00, 0x00, 0x00,    0x38, 0x1E, 0x1C, 0x1C, 0x38, 0x00, 0x00, 0x1C, 0x00, 0x00, 0x00, 0x00,    0x00, 0x00, 0x00, 0x00, 0x38, 0x0F, 0x9C, 0x1F, 0x38, 0x00, 0xC0, 0x1F,    0x00, 0x00, 0x00, 0x00, 0x00, 0x00, 0x00, 0x00, 0x38, 0x06, 0x9C, 0x1F,    0x38, 0x00, 0xC0, 0x0F, 0x00, 0x00, 0x00, 0x00, 0x00, 0x00, 0x00, 0x00,    0x38, 0x00, 0x80, 0x03, 0x38, 0x00, 0x80, 0x01, 0x00, 0x00, 0x00, 0x00,    0x00, 0x00, 0x00, 0x00, 0x00, 0x00, 0x00, 0x00, 0x00, 0x00, 0x00, 0x00,    0x00, 0x00, 0x00, 0x00, 0x00, 0x00, 0x00, 0x00, 0x00, 0x00, 0x00, 0x00,    0x00, 0x00, 0x00, 0x00, 0x00, 0x00, 0x00, 0x00, 0x00, 0x00, 0x00, 0x00,    0x00, 0x00, 0x00, 0x00, 0x00, 0x00, 0x00, 0x00, 0x00, 0x00, 0x00, 0x00,    0x00, 0x00, 0x00, 0x00, 0x00, 0x00, 0x00, 0x00, 0x00, 0x00, 0x00, 0x00,    0x00, 0x00, 0x00, 0x00, 0x00, 0x00, 0x00, 0x00, 0x00, 0x00, 0x00, 0x00,    0x00, 0x00, 0x00, 0x00, 0x00, 0x00, 0x00, 0x00, 0x00, 0x00, 0x00, 0x00,    0x00, 0x00, 0x00, 0x00, 0x00, 0x00, 0x00, 0x00, 0x00, 0x00, 0x00, 0x00,    0x00, 0x00, 0x00, 0x00, 0x00, 0x00, 0x00, 0x00, 0x00, 0x00, 0x00, 0x00,    0x00, 0x00, 0x00, 0x00, 0x00, 0x00, 0x00, 0x00, 0x00, 0x00, 0x00, 0x00,    0x00, 0x00, 0x00, 0x00, 0x00, 0x00, 0x00, 0x00, 0x00, 0x00, 0x00, 0x00,    0x00, 0x00, 0x00, 0x00, 0x00, 0x00, 0x00, 0x00, 0x00, 0x00, 0x00, 0x00,    0x00, 0x00, 0x00, 0x00, 0x00, 0x00, 0x00, 0x00, 0x00, 0x00, 0x00, 0x00,    0x00, 0x00, 0x00, 0x00, 0x00, 0x00, 0x00, 0x00, 0x00, 0x00, 0x00, 0x00,    0x00, 0x00, 0x00, 0x00, 0x00, 0x00, 0x00, 0x00, 0x00, 0x00, 0x00, 0x00,    0x00, 0x00, 0x00, 0x00, 0x00, 0x00, 0x00, 0x00, 0x00, 0x00, 0x00, 0x00,    0x00, 0x00, 0x00, 0x00, 0x00, 0x00, 0x00, 0x00, 0x00, 0x00, 0x00, 0x00,    0x00, 0x00, 0x00, 0x00, 0x00, 0x00, 0x00, 0x00, 0x00, 0x00, 0x00, 0x00,    0x00, 0x00, 0x00, 0x00, 0x00, 0x00, 0x00, 0x00, 0x00, 0x00, 0x00, 0x00,    0x00, 0x00, 0x00, 0x00, 0x00, 0x00, 0x00, 0x00, 0x00, 0x00, 0x00, 0x00,    0x00, 0x00, 0x00, 0x00, 0x00, 0x00, 0x00, 0x00, 0x00, 0x00, 0x00, 0x00,    0x00, 0x00, 0x00, 0x00, 0x00, 0x00, 0x00, 0x00, 0x00, 0x00, 0x00, 0x00,    0x00, 0x00, 0x00, 0x00, 0x00, 0x00, 0x00, 0x00, 0x00, 0x00, 0x00, 0x00,    0x00, 0x00, 0x00, 0x00, 0x00, 0x00, 0x00, 0x00, 0x00, 0x00, 0x00, 0x00,    0x00, 0x00, 0x00, 0x00, 0x00, 0x00, 0x00, 0x00, 0x00, 0x00, 0x00, 0x00,    0x00, 0x00, 0x00, 0x00</field>
                                  </block>
                                </value>
                                <next>
                                  <block type="ez_start_kit_oled_display_set_album2" id="=w;Z;Cpg2we5%+OMFsy+">
                                    <value name="Name">
                                      <block type="text" id="PoKNXZ0O*MIF9ead-i$b">
                                        <field name="TEXT">lock</field>
                                      </block>
                                    </value>
                                    <value name="Data">
                                      <block type="text" id="[h3H!a8T|*0i9W7%t^+v">
                                        <field name="TEXT">0x00, 0x00, 0x00, 0x00, 0x00, 0x00, 0x00, 0x00, 0x00, 0x00, 0x00, 0x00,    0x00, 0x00, 0x00, 0x00, 0x00, 0x00, 0x00, 0x00, 0x00, 0x00, 0x00, 0x00,    0x00, 0x00, 0x00, 0x00, 0x00, 0x00, 0x00, 0x00, 0x00, 0x00, 0x00, 0x00,    0x00, 0x00, 0x00, 0x00, 0x00, 0x00, 0x00, 0x00, 0x00, 0x00, 0x00, 0x00,    0x00, 0x00, 0x00, 0x00, 0x00, 0x00, 0x00, 0x00, 0x00, 0x00, 0x00, 0x00,    0x00, 0x00, 0x00, 0x00, 0x00, 0x00, 0x00, 0x00, 0x00, 0x00, 0x00, 0x00,    0x00, 0x00, 0x00, 0x00, 0x00, 0x00, 0x00, 0x00, 0x00, 0x00, 0x00, 0x00,    0x00, 0x00, 0x00, 0x00, 0x00, 0x00, 0x00, 0x00, 0x00, 0x00, 0x00, 0x00,    0x00, 0x00, 0x00, 0x00, 0x00, 0x00, 0x00, 0x00, 0x00, 0x00, 0x00, 0x00,    0x00, 0x00, 0x00, 0x00, 0x00, 0x00, 0x00, 0x00, 0x00, 0x00, 0x00, 0x00,    0x00, 0x00, 0x00, 0x00, 0x00, 0x00, 0x00, 0x00, 0x00, 0x00, 0x00, 0x00,    0x00, 0x00, 0x00, 0x00, 0x00, 0x00, 0x00, 0x00, 0x00, 0x00, 0x00, 0x00,    0x00, 0x00, 0x00, 0x00, 0x00, 0x00, 0x00, 0x00, 0x00, 0x00, 0x00, 0x00,    0x00, 0x00, 0x00, 0x00, 0x00, 0x00, 0x00, 0x00, 0x00, 0x00, 0x00, 0x00,    0x00, 0x00, 0x00, 0x00, 0x00, 0x00, 0x00, 0x00, 0x00, 0x00, 0x00, 0x00,    0x00, 0x00, 0x00, 0x00, 0x00, 0x00, 0x00, 0x00, 0x00, 0x00, 0x00, 0x00,    0x00, 0x00, 0x00, 0x00, 0x00, 0x00, 0x00, 0x00, 0x00, 0x00, 0x00, 0x00,    0x00, 0x00, 0x00, 0x00, 0x00, 0x00, 0x00, 0x00, 0x00, 0x00, 0x00, 0x00,    0x00, 0x00, 0x00, 0x00, 0x00, 0x00, 0x00, 0x00, 0x00, 0x00, 0x00, 0x00,    0x00, 0x00, 0x00, 0x00, 0x00, 0x00, 0x00, 0x00, 0x00, 0x00, 0x00, 0x00,    0x00, 0x00, 0x00, 0x00, 0x00, 0x00, 0x00, 0x00, 0x00, 0x00, 0x00, 0x00,    0x00, 0x00, 0x00, 0x00, 0x00, 0x00, 0x00, 0x00, 0x00, 0x38, 0x00, 0x00,    0x00, 0x00, 0x00, 0x00, 0x00, 0x00, 0x00, 0x00, 0x00, 0x00, 0x00, 0x00,    0x00, 0x38, 0x00, 0x00, 0x20, 0x00, 0x0C, 0x00, 0x00, 0x00, 0x00, 0x00,    0x00, 0x00, 0x00, 0x00, 0x00, 0x38, 0x00, 0x00, 0x70, 0x30, 0x0C, 0x03,    0x00, 0x00, 0x00, 0x00, 0x00, 0x00, 0x00, 0x00, 0x00, 0x38, 0x00, 0x00,    0xF8, 0x78, 0x8C, 0x03, 0x00, 0x00, 0x00, 0x00, 0x00, 0x00, 0x00, 0x00,    0x00, 0x38, 0x00, 0x00, 0xF8, 0x73, 0x8C, 0x03, 0x00, 0x00, 0x00, 0x00,    0x00, 0x00, 0x00, 0x00, 0x00, 0x38, 0x00, 0x00, 0x9C, 0xE7, 0xCC, 0x01,    0x00, 0x00, 0x00, 0x00, 0x00, 0x00, 0x00, 0x00, 0x00, 0x38, 0x00, 0x00,    0x0E, 0x47, 0x8C, 0x01, 0x00, 0x00, 0x00, 0x00, 0x00, 0x00, 0x00, 0x00,    0x00, 0x38, 0x00, 0x00, 0x06, 0x02, 0x0C, 0x00, 0x00, 0x00, 0x00, 0x00,    0x00, 0x00, 0x00, 0x00, 0x00, 0x38, 0x00, 0x00, 0xFF, 0xF1, 0xFF, 0x03,    0x00, 0x00, 0x00, 0x00, 0x00, 0x00, 0x00, 0x00, 0x00, 0x38, 0x00, 0x80,    0xFF, 0xF1, 0xFF, 0x03, 0x00, 0x00, 0x00, 0x00, 0x00, 0x00, 0x00, 0x00,    0x00, 0xF8, 0xFF, 0x03, 0xFF, 0xF1, 0xFF, 0x03, 0x00, 0x00, 0x00, 0x00,    0x00, 0x00, 0x00, 0x00, 0x00, 0xF8, 0xFF, 0x03, 0x70, 0x70, 0x80, 0x03,    0x00, 0x00, 0x00, 0x00, 0x00, 0x00, 0x00, 0x00, 0x00, 0xF8, 0xFF, 0x03,    0x70, 0xF0, 0xFF, 0x03, 0x00, 0x00, 0x00, 0x00, 0x00, 0x00, 0x00, 0x00,    0x00, 0x38, 0x00, 0x00, 0xFF, 0xF7, 0xFF, 0x03, 0x00, 0x00, 0x00, 0x00,    0x00, 0x00, 0x00, 0x00, 0x00, 0x38, 0x00, 0x00, 0xFF, 0x77, 0x80, 0x03,    0x00, 0x00, 0x00, 0x00, 0x00, 0x00, 0x00, 0x00, 0x00, 0x38, 0x00, 0x00,    0xFF, 0x77, 0x80, 0x03, 0x00, 0x00, 0x00, 0x00, 0x00, 0x00, 0x00, 0x00,    0x00, 0x38, 0x00, 0x00, 0x70, 0xF0, 0xFF, 0x03, 0x00, 0x00, 0x00, 0x00,    0x00, 0x00, 0x00, 0x00, 0x00, 0x38, 0x00, 0x00, 0x72, 0xF2, 0xFF, 0x03,    0x00, 0x00, 0x00, 0x00, 0x00, 0x00, 0x00, 0x00, 0x00, 0x38, 0x00, 0x00,    0x73, 0x77, 0x80, 0x03, 0x00, 0x00, 0x00, 0x00, 0x00, 0x00, 0x00, 0x00,    0x00, 0x38, 0x00, 0x00, 0x77, 0x77, 0x80, 0x03, 0x00, 0x00, 0x00, 0x00,    0x00, 0x00, 0x00, 0x00, 0x00, 0x38, 0x00, 0x00, 0x77, 0xF3, 0xFF, 0x03,    0x00, 0x00, 0x00, 0x00, 0x00, 0x00, 0x00, 0x00, 0x00, 0x38, 0x00, 0x00,    0x77, 0xF3, 0xFF, 0x03, 0x00, 0x00, 0x00, 0x00, 0x00, 0x00, 0x00, 0x00,    0x00, 0x38, 0x00, 0x00, 0x77, 0xF6, 0xFF, 0x03, 0x00, 0x00, 0x00, 0x00,    0x00, 0x00, 0x00, 0x00, 0x00, 0x38, 0x00, 0x00, 0xF2, 0x87, 0x61, 0x00,    0x00, 0x00, 0x00, 0x00, 0x00, 0x00, 0x00, 0x00, 0x00, 0x38, 0x00, 0x00,    0xFC, 0xC7, 0xF3, 0x01, 0x00, 0x00, 0x00, 0x00, 0x00, 0x00, 0x00, 0x80,    0xFF, 0xFF, 0xFF, 0x87, 0xFF, 0xF1, 0xC0, 0x07, 0x00, 0x00, 0x00, 0x00,    0x00, 0x00, 0x00, 0x80, 0xFF, 0xFF, 0xFF, 0x87, 0x3F, 0x7C, 0x00, 0x07,    0x00, 0x00, 0x00, 0x00, 0x00, 0x00, 0x00, 0x80, 0xFF, 0xFF, 0xFF, 0x07,    0x03, 0x18, 0x00, 0x02, 0x00, 0x00, 0x00, 0x00, 0x00, 0x00, 0x00, 0x00,    0x00, 0x00, 0x00, 0x00, 0x00, 0x00, 0x00, 0x00, 0x00, 0x00, 0x00, 0x00,    0x00, 0x00, 0x00, 0x00, 0x00, 0x00, 0x00, 0x00, 0x00, 0x00, 0x00, 0x00,    0x00, 0x00, 0x00, 0x00, 0x00, 0x00, 0x00, 0x00, 0x00, 0x00, 0x00, 0x00,    0x00, 0x00, 0x00, 0x00, 0x00, 0x00, 0x00, 0x00, 0x00, 0x00, 0x00, 0x00,    0x00, 0x00, 0x00, 0x00, 0x00, 0x00, 0x00, 0x00, 0x00, 0x00, 0x00, 0x00,    0x00, 0x00, 0x00, 0x00, 0x00, 0x00, 0x00, 0x00, 0x00, 0x00, 0x00, 0x00,    0x00, 0x00, 0x00, 0x00, 0x00, 0x00, 0x00, 0x00, 0x00, 0x00, 0x00, 0x00,    0x00, 0x00, 0x00, 0x00, 0x00, 0x00, 0x00, 0x00, 0x00, 0x00, 0x00, 0x00,    0x00, 0x00, 0x00, 0x00, 0x00, 0x00, 0x00, 0x00, 0x00, 0x00, 0x00, 0x00,    0x00, 0x00, 0x00, 0x00, 0x00, 0x00, 0x00, 0x00, 0x00, 0x00, 0x00, 0x00,    0x00, 0x00, 0x00, 0x00, 0x00, 0x00, 0x00, 0x00, 0x00, 0x00, 0x00, 0x00,    0x00, 0x00, 0x00, 0x00, 0x00, 0x00, 0x00, 0x00, 0x00, 0x00, 0x00, 0x00,    0x00, 0x00, 0x00, 0x00, 0x00, 0x00, 0x00, 0x00, 0x00, 0x00, 0x00, 0x00,    0x00, 0x00, 0x00, 0x00, 0x00, 0x00, 0x00, 0x00, 0x00, 0x00, 0x00, 0x00,    0x00, 0x00, 0x00, 0x00, 0x00, 0x00, 0x00, 0x00, 0x00, 0x00, 0x00, 0x00,    0x00, 0x00, 0x00, 0x00, 0x00, 0x00, 0x00, 0x00, 0x00, 0x00, 0x00, 0x00,    0x00, 0x00, 0x00, 0x00, 0x00, 0x00, 0x00, 0x00, 0x00, 0x00, 0x00, 0x00,    0x00, 0x00, 0x00, 0x00, 0x00, 0x00, 0x00, 0x00, 0x00, 0x00, 0x00, 0x00,    0x00, 0x00, 0x00, 0x00, 0x00, 0x00, 0x00, 0x00, 0x00, 0x00, 0x00, 0x00,    0x00, 0x00, 0x00, 0x00, 0x00, 0x00, 0x00, 0x00, 0x00, 0x00, 0x00, 0x00,    0x00, 0x00, 0x00, 0x00, 0x00, 0x00, 0x00, 0x00, 0x00, 0x00, 0x00, 0x00,    0x00, 0x00, 0x00, 0x00, 0x00, 0x00, 0x00, 0x00, 0x00, 0x00, 0x00, 0x00,    0x00, 0x00, 0x00, 0x00, 0x00, 0x00, 0x00, 0x00, 0x00, 0x00, 0x00, 0x00,    0x00, 0x00, 0x00, 0x00, 0x00, 0x00, 0x00, 0x00, 0x00, 0x00, 0x00, 0x00,    0x00, 0x00, 0x00, 0x00, 0x00, 0x00, 0x00, 0x00, 0x00, 0x00, 0x00, 0x00,    0x00, 0x00, 0x00, 0x00, 0x00, 0x00, 0x00, 0x00, 0x00, 0x00, 0x00, 0x00,    0x00, 0x00, 0x00, 0x00</field>
                                      </block>
                                    </value>
                                    <next>
                                      <block type="ez_start_kit_oled_display_set_album2" id="mY(3@[9OsDAIh`NE,m*C">
                                        <value name="Name">
                                          <block type="text" id="Z2r3~4KxXe4:63]R5PP*">
                                            <field name="TEXT">n3</field>
                                          </block>
                                        </value>
                                        <value name="Data">
                                          <block type="text" id="[rW)nTmUakPU{(;V[d2i">
                                            <field name="TEXT">0x00, 0x00, 0x00, 0x00, 0x00, 0x00, 0x00, 0x00, 0x00, 0x00, 0x00, 0x00,    0x00, 0x00, 0x00, 0x00, 0x00, 0x00, 0x00, 0x00, 0x00, 0x00, 0x00, 0x00,    0x00, 0x00, 0x00, 0x00, 0x00, 0x00, 0x00, 0x00, 0x00, 0x00, 0x00, 0x00,    0x00, 0x00, 0x00, 0x00, 0x00, 0x00, 0x00, 0x00, 0x00, 0x00, 0x00, 0x00,    0x00, 0x00, 0x00, 0x00, 0x00, 0x00, 0x00, 0x00, 0x00, 0x00, 0x00, 0x00,    0x00, 0x00, 0x00, 0x00, 0x00, 0x00, 0x00, 0x00, 0x00, 0x00, 0x00, 0x00,    0x00, 0x00, 0x00, 0x00, 0x00, 0x00, 0x00, 0x00, 0x00, 0x00, 0x00, 0x00,    0x00, 0x00, 0x00, 0x00, 0x00, 0x00, 0x00, 0x00, 0x00, 0x00, 0x00, 0x00,    0x00, 0x00, 0x00, 0x00, 0x00, 0x00, 0x00, 0x00, 0x00, 0x00, 0x00, 0x00,    0x00, 0x00, 0x00, 0x00, 0x00, 0x00, 0x00, 0x00, 0x00, 0x00, 0x00, 0x00,    0x00, 0x00, 0x00, 0x00, 0x00, 0x00, 0x00, 0x00, 0x00, 0x00, 0x00, 0x00,    0x00, 0x00, 0x00, 0x00, 0x00, 0x00, 0x00, 0x00, 0x00, 0x00, 0x00, 0x00,    0x00, 0x00, 0x00, 0x00, 0x00, 0x00, 0x00, 0x00, 0x00, 0x00, 0x00, 0x00,    0x00, 0x00, 0x00, 0x00, 0x00, 0x00, 0x00, 0x00, 0x00, 0x00, 0x00, 0x00,    0x00, 0x00, 0x00, 0x00, 0x00, 0x00, 0x00, 0x00, 0x00, 0x00, 0x00, 0x00,    0x00, 0x00, 0x00, 0x00, 0x00, 0x00, 0x00, 0x00, 0x00, 0x00, 0x00, 0x00,    0x00, 0x00, 0x00, 0x00, 0x00, 0x00, 0x00, 0x00, 0x00, 0x00, 0x00, 0x00,    0x00, 0x00, 0x00, 0x00, 0x00, 0x00, 0x00, 0x00, 0x00, 0x00, 0x00, 0x00,    0x00, 0x00, 0x00, 0x00, 0x00, 0x00, 0x00, 0x00, 0x00, 0x00, 0x00, 0x00,    0x00, 0x00, 0x00, 0x00, 0x00, 0x00, 0x00, 0x00, 0x00, 0x00, 0x00, 0x00,    0x00, 0x00, 0x00, 0x00, 0x00, 0x00, 0x00, 0x00, 0x00, 0x00, 0x00, 0x00,    0x00, 0x00, 0x00, 0x00, 0x00, 0x00, 0x00, 0x00, 0x00, 0x00, 0x00, 0x00,    0x00, 0x00, 0x00, 0x00, 0x00, 0x00, 0x00, 0x00, 0x00, 0x00, 0x00, 0x00,    0x00, 0x00, 0x00, 0x00, 0x00, 0x00, 0x00, 0x00, 0x00, 0x00, 0x00, 0x00,    0x00, 0x00, 0x00, 0x00, 0x00, 0x00, 0x00, 0x00, 0x00, 0x00, 0x00, 0x00,    0x00, 0x00, 0x00, 0x00, 0x00, 0x00, 0x00, 0x00, 0x00, 0x00, 0x00, 0xFC,    0x00, 0x00, 0x00, 0x00, 0x00, 0x00, 0x00, 0x00, 0x00, 0x00, 0x00, 0x00,    0x00, 0x00, 0x00, 0xFF, 0x03, 0x00, 0x00, 0x00, 0x00, 0x00, 0x00, 0x00,    0x00, 0x00, 0x00, 0x00, 0x00, 0x00, 0x80, 0xFF, 0x07, 0x00, 0x00, 0x00,    0x00, 0x00, 0x00, 0x00, 0x00, 0x00, 0x00, 0x00, 0x00, 0x00, 0x80, 0xC1,    0x07, 0x00, 0x00, 0x00, 0x00, 0x00, 0x00, 0x00, 0x00, 0x00, 0x00, 0x00,    0x00, 0x00, 0x80, 0x80, 0x0F, 0x00, 0x00, 0x00, 0x00, 0x00, 0x00, 0x00,    0x00, 0x00, 0x00, 0x00, 0x00, 0x00, 0x00, 0x00, 0x0F, 0x00, 0x00, 0x00,    0x00, 0x00, 0x00, 0x00, 0x00, 0x00, 0x00, 0x00, 0x00, 0x00, 0x00, 0x00,    0x0F, 0x00, 0x00, 0x00, 0x00, 0x00, 0x00, 0x00, 0x00, 0x00, 0x00, 0x00,    0x00, 0x00, 0x00, 0x00, 0x0F, 0x00, 0x00, 0x00, 0x00, 0x00, 0x00, 0x00,    0x00, 0x00, 0x00, 0x00, 0x00, 0x00, 0x00, 0x00, 0x0F, 0x00, 0x00, 0x00,    0x00, 0x00, 0x00, 0x00, 0x00, 0x00, 0x00, 0x00, 0x00, 0x00, 0x00, 0x80,    0x07, 0x00, 0x00, 0x00, 0x00, 0x00, 0x00, 0x00, 0x00, 0x00, 0x00, 0x00,    0x00, 0x00, 0x00, 0xE0, 0x03, 0x00, 0x00, 0x00, 0x00, 0x00, 0x00, 0x00,    0x00, 0x00, 0x00, 0x00, 0x00, 0x00, 0x00, 0xFF, 0x01, 0x00, 0x00, 0x00,    0x00, 0x00, 0x00, 0x00, 0x00, 0x00, 0x00, 0x00, 0x00, 0x00, 0x00, 0xFF,    0x00, 0x00, 0x00, 0x00, 0x00, 0x00, 0x00, 0x00, 0x00, 0x00, 0x00, 0x00,    0x00, 0x00, 0x00, 0xFF, 0x07, 0x00, 0x00, 0x00, 0x00, 0x00, 0x00, 0x00,    0x00, 0x00, 0x00, 0x00, 0x00, 0x00, 0x00, 0xC0, 0x0F, 0x00, 0x00, 0x00,    0x00, 0x00, 0x00, 0x00, 0x00, 0x00, 0x00, 0x00, 0x00, 0x00, 0x00, 0x00,    0x0F, 0x00, 0x00, 0x00, 0x00, 0x00, 0x00, 0x00, 0x00, 0x00, 0x00, 0x00,    0x00, 0x00, 0x00, 0x00, 0x1E, 0x00, 0x00, 0x00, 0x00, 0x00, 0x00, 0x00,    0x00, 0x00, 0x00, 0x00, 0x00, 0x00, 0x00, 0x00, 0x1E, 0x00, 0x00, 0x00,    0x00, 0x00, 0x00, 0x00, 0x00, 0x00, 0x00, 0x00, 0x00, 0x00, 0x00, 0x00,    0x1E, 0x00, 0x00, 0x00, 0x00, 0x00, 0x00, 0x00, 0x00, 0x00, 0x00, 0x00,    0x00, 0x00, 0x00, 0x00, 0x1E, 0x00, 0x00, 0x00, 0x00, 0x00, 0x00, 0x00,    0x00, 0x00, 0x00, 0x00, 0x00, 0x00, 0x40, 0x00, 0x1F, 0x00, 0x00, 0x00,    0x00, 0x00, 0x00, 0x00, 0x00, 0x00, 0x00, 0x00, 0x00, 0x00, 0xC0, 0x81,    0x0F, 0x00, 0x00, 0x00, 0x00, 0x00, 0x00, 0x00, 0x00, 0x00, 0x00, 0x00,    0x00, 0x00, 0xC0, 0xFF, 0x07, 0x00, 0x00, 0x00, 0x00, 0x00, 0x00, 0x00,    0x00, 0x00, 0x00, 0x00, 0x00, 0x00, 0xC0, 0xFF, 0x03, 0x00, 0x00, 0x00,    0x00, 0x00, 0x00, 0x00, 0x00, 0x00, 0x00, 0x00, 0x00, 0x00, 0x00, 0xFF,    0x00, 0x00, 0x00, 0x00, 0x00, 0x00, 0x00, 0x00, 0x00, 0x00, 0x00, 0x00,    0x00, 0x00, 0x00, 0x00, 0x00, 0x00, 0x00, 0x00, 0x00, 0x00, 0x00, 0x00,    0x00, 0x00, 0x00, 0x00, 0x00, 0x00, 0x00, 0x00, 0x00, 0x00, 0x00, 0x00,    0x00, 0x00, 0x00, 0x00, 0x00, 0x00, 0x00, 0x00, 0x00, 0x00, 0x00, 0x00,    0x00, 0x00, 0x00, 0x00, 0x00, 0x00, 0x00, 0x00, 0x00, 0x00, 0x00, 0x00,    0x00, 0x00, 0x00, 0x00, 0x00, 0x00, 0x00, 0x00, 0x00, 0x00, 0x00, 0x00,    0x00, 0x00, 0x00, 0x00, 0x00, 0x00, 0x00, 0x00, 0x00, 0x00, 0x00, 0x00,    0x00, 0x00, 0x00, 0x00, 0x00, 0x00, 0x00, 0x00, 0x00, 0x00, 0x00, 0x00,    0x00, 0x00, 0x00, 0x00, 0x00, 0x00, 0x00, 0x00, 0x00, 0x00, 0x00, 0x00,    0x00, 0x00, 0x00, 0x00, 0x00, 0x00, 0x00, 0x00, 0x00, 0x00, 0x00, 0x00,    0x00, 0x00, 0x00, 0x00, 0x00, 0x00, 0x00, 0x00, 0x00, 0x00, 0x00, 0x00,    0x00, 0x00, 0x00, 0x00, 0x00, 0x00, 0x00, 0x00, 0x00, 0x00, 0x00, 0x00,    0x00, 0x00, 0x00, 0x00, 0x00, 0x00, 0x00, 0x00, 0x00, 0x00, 0x00, 0x00,    0x00, 0x00, 0x00, 0x00, 0x00, 0x00, 0x00, 0x00, 0x00, 0x00, 0x00, 0x00,    0x00, 0x00, 0x00, 0x00, 0x00, 0x00, 0x00, 0x00, 0x00, 0x00, 0x00, 0x00,    0x00, 0x00, 0x00, 0x00, 0x00, 0x00, 0x00, 0x00, 0x00, 0x00, 0x00, 0x00,    0x00, 0x00, 0x00, 0x00, 0x00, 0x00, 0x00, 0x00, 0x00, 0x00, 0x00, 0x00,    0x00, 0x00, 0x00, 0x00, 0x00, 0x00, 0x00, 0x00, 0x00, 0x00, 0x00, 0x00,    0x00, 0x00, 0x00, 0x00, 0x00, 0x00, 0x00, 0x00, 0x00, 0x00, 0x00, 0x00,    0x00, 0x00, 0x00, 0x00, 0x00, 0x00, 0x00, 0x00, 0x00, 0x00, 0x00, 0x00,    0x00, 0x00, 0x00, 0x00, 0x00, 0x00, 0x00, 0x00, 0x00, 0x00, 0x00, 0x00,    0x00, 0x00, 0x00, 0x00, 0x00, 0x00, 0x00, 0x00, 0x00, 0x00, 0x00, 0x00,    0x00, 0x00, 0x00, 0x00, 0x00, 0x00, 0x00, 0x00, 0x00, 0x00, 0x00, 0x00,    0x00, 0x00, 0x00, 0x00, 0x00, 0x00, 0x00, 0x00, 0x00, 0x00, 0x00, 0x00,    0x00, 0x00, 0x00, 0x00, 0x00, 0x00, 0x00, 0x00, 0x00, 0x00, 0x00, 0x00,    0x00, 0x00, 0x00, 0x00, 0x00, 0x00, 0x00, 0x00, 0x00, 0x00, 0x00, 0x00,    0x00, 0x00, 0x00, 0x00, 0x00, 0x00, 0x00, 0x00, 0x00, 0x00, 0x00, 0x00,    0x00, 0x00, 0x00, 0x00</field>
                                          </block>
                                        </value>
                                        <next>
                                          <block type="ez_start_kit_oled_display_set_album2" id="%3hu[`0rsUK4(,D,%3$K">
                                            <value name="Name">
                                              <block type="text" id="{U=qO0=}ExkEz{()CM,e">
                                                <field name="TEXT">n2</field>
                                              </block>
                                            </value>
                                            <value name="Data">
                                              <block type="text" id="g]1jeLs6h,{pS0Q$zR4V">
                                                <field name="TEXT">0x00, 0x00, 0x00, 0x00, 0x00, 0x00, 0x00, 0x00, 0x00, 0x00, 0x00, 0x00,    0x00, 0x00, 0x00, 0x00, 0x00, 0x00, 0x00, 0x00, 0x00, 0x00, 0x00, 0x00,    0x00, 0x00, 0x00, 0x00, 0x00, 0x00, 0x00, 0x00, 0x00, 0x00, 0x00, 0x00,    0x00, 0x00, 0x00, 0x00, 0x00, 0x00, 0x00, 0x00, 0x00, 0x00, 0x00, 0x00,    0x00, 0x00, 0x00, 0x00, 0x00, 0x00, 0x00, 0x00, 0x00, 0x00, 0x00, 0x00,    0x00, 0x00, 0x00, 0x00, 0x00, 0x00, 0x00, 0x00, 0x00, 0x00, 0x00, 0x00,    0x00, 0x00, 0x00, 0x00, 0x00, 0x00, 0x00, 0x00, 0x00, 0x00, 0x00, 0x00,    0x00, 0x00, 0x00, 0x00, 0x00, 0x00, 0x00, 0x00, 0x00, 0x00, 0x00, 0x00,    0x00, 0x00, 0x00, 0x00, 0x00, 0x00, 0x00, 0x00, 0x00, 0x00, 0x00, 0x00,    0x00, 0x00, 0x00, 0x00, 0x00, 0x00, 0x00, 0x00, 0x00, 0x00, 0x00, 0x00,    0x00, 0x00, 0x00, 0x00, 0x00, 0x00, 0x00, 0x00, 0x00, 0x00, 0x00, 0x00,    0x00, 0x00, 0x00, 0x00, 0x00, 0x00, 0x00, 0x00, 0x00, 0x00, 0x00, 0x00,    0x00, 0x00, 0x00, 0x00, 0x00, 0x00, 0x00, 0x00, 0x00, 0x00, 0x00, 0x00,    0x00, 0x00, 0x00, 0x00, 0x00, 0x00, 0x00, 0x00, 0x00, 0x00, 0x00, 0x00,    0x00, 0x00, 0x00, 0x00, 0x00, 0x00, 0x00, 0x00, 0x00, 0x00, 0x00, 0x00,    0x00, 0x00, 0x00, 0x00, 0x00, 0x00, 0x00, 0x00, 0x00, 0x00, 0x00, 0x00,    0x00, 0x00, 0x00, 0x00, 0x00, 0x00, 0x00, 0x00, 0x00, 0x00, 0x00, 0x00,    0x00, 0x00, 0x00, 0x00, 0x00, 0x00, 0x00, 0x00, 0x00, 0x00, 0x00, 0x00,    0x00, 0x00, 0x00, 0x00, 0x00, 0x00, 0x00, 0x00, 0x00, 0x00, 0x00, 0x00,    0x00, 0x00, 0x00, 0x00, 0x00, 0x00, 0x00, 0x00, 0x00, 0x00, 0x00, 0x00,    0x00, 0x00, 0x00, 0x00, 0x00, 0x00, 0x00, 0x00, 0x00, 0x00, 0x00, 0x00,    0x00, 0x00, 0x00, 0x00, 0x00, 0x00, 0x00, 0x00, 0x00, 0x00, 0x00, 0x00,    0x00, 0x00, 0x00, 0x00, 0x00, 0x00, 0x00, 0x00, 0x00, 0x00, 0x00, 0x00,    0x00, 0x00, 0x00, 0x00, 0x00, 0x00, 0x00, 0x00, 0x00, 0x00, 0x00, 0x00,    0x00, 0x00, 0x00, 0x00, 0x00, 0x00, 0x00, 0xFC, 0x01, 0x00, 0x00, 0x00,    0x00, 0x00, 0x00, 0x00, 0x00, 0x00, 0x00, 0x00, 0x00, 0x00, 0x00, 0xFF,    0x07, 0x00, 0x00, 0x00, 0x00, 0x00, 0x00, 0x00, 0x00, 0x00, 0x00, 0x00,    0x00, 0x00, 0x80, 0xFF, 0x0F, 0x00, 0x00, 0x00, 0x00, 0x00, 0x00, 0x00,    0x00, 0x00, 0x00, 0x00, 0x00, 0x00, 0x80, 0x87, 0x0F, 0x00, 0x00, 0x00,    0x00, 0x00, 0x00, 0x00, 0x00, 0x00, 0x00, 0x00, 0x00, 0x00, 0x80, 0x01,    0x1F, 0x00, 0x00, 0x00, 0x00, 0x00, 0x00, 0x00, 0x00, 0x00, 0x00, 0x00,    0x00, 0x00, 0x80, 0x00, 0x1E, 0x00, 0x00, 0x00, 0x00, 0x00, 0x00, 0x00,    0x00, 0x00, 0x00, 0x00, 0x00, 0x00, 0x00, 0x00, 0x1E, 0x00, 0x00, 0x00,    0x00, 0x00, 0x00, 0x00, 0x00, 0x00, 0x00, 0x00, 0x00, 0x00, 0x00, 0x00,    0x1E, 0x00, 0x00, 0x00, 0x00, 0x00, 0x00, 0x00, 0x00, 0x00, 0x00, 0x00,    0x00, 0x00, 0x00, 0x00, 0x1E, 0x00, 0x00, 0x00, 0x00, 0x00, 0x00, 0x00,    0x00, 0x00, 0x00, 0x00, 0x00, 0x00, 0x00, 0x00, 0x1E, 0x00, 0x00, 0x00,    0x00, 0x00, 0x00, 0x00, 0x00, 0x00, 0x00, 0x00, 0x00, 0x00, 0x00, 0x00,    0x0F, 0x00, 0x00, 0x00, 0x00, 0x00, 0x00, 0x00, 0x00, 0x00, 0x00, 0x00,    0x00, 0x00, 0x00, 0x00, 0x0F, 0x00, 0x00, 0x00, 0x00, 0x00, 0x00, 0x00,    0x00, 0x00, 0x00, 0x00, 0x00, 0x00, 0x00, 0x80, 0x07, 0x00, 0x00, 0x00,    0x00, 0x00, 0x00, 0x00, 0x00, 0x00, 0x00, 0x00, 0x00, 0x00, 0x00, 0xC0,    0x03, 0x00, 0x00, 0x00, 0x00, 0x00, 0x00, 0x00, 0x00, 0x00, 0x00, 0x00,    0x00, 0x00, 0x00, 0xE0, 0x03, 0x00, 0x00, 0x00, 0x00, 0x00, 0x00, 0x00,    0x00, 0x00, 0x00, 0x00, 0x00, 0x00, 0x00, 0xF0, 0x01, 0x00, 0x00, 0x00,    0x00, 0x00, 0x00, 0x00, 0x00, 0x00, 0x00, 0x00, 0x00, 0x00, 0x00, 0xF8,    0x00, 0x00, 0x00, 0x00, 0x00, 0x00, 0x00, 0x00, 0x00, 0x00, 0x00, 0x00,    0x00, 0x00, 0x00, 0x7C, 0x00, 0x00, 0x00, 0x00, 0x00, 0x00, 0x00, 0x00,    0x00, 0x00, 0x00, 0x00, 0x00, 0x00, 0x00, 0x3C, 0x00, 0x00, 0x00, 0x00,    0x00, 0x00, 0x00, 0x00, 0x00, 0x00, 0x00, 0x00, 0x00, 0x00, 0x00, 0x1E,    0x00, 0x00, 0x00, 0x00, 0x00, 0x00, 0x00, 0x00, 0x00, 0x00, 0x00, 0x00,    0x00, 0x00, 0x00, 0x0F, 0x00, 0x00, 0x00, 0x00, 0x00, 0x00, 0x00, 0x00,    0x00, 0x00, 0x00, 0x00, 0x00, 0x00, 0x80, 0x07, 0x00, 0x00, 0x00, 0x00,    0x00, 0x00, 0x00, 0x00, 0x00, 0x00, 0x00, 0x00, 0x00, 0x00, 0xC0, 0xFF,    0x1F, 0x00, 0x00, 0x00, 0x00, 0x00, 0x00, 0x00, 0x00, 0x00, 0x00, 0x00,    0x00, 0x00, 0xC0, 0xFF, 0x1F, 0x00, 0x00, 0x00, 0x00, 0x00, 0x00, 0x00,    0x00, 0x00, 0x00, 0x00, 0x00, 0x00, 0xC0, 0xFF, 0x1F, 0x00, 0x00, 0x00,    0x00, 0x00, 0x00, 0x00, 0x00, 0x00, 0x00, 0x00, 0x00, 0x00, 0x00, 0x00,    0x00, 0x00, 0x00, 0x00, 0x00, 0x00, 0x00, 0x00, 0x00, 0x00, 0x00, 0x00,    0x00, 0x00, 0x00, 0x00, 0x00, 0x00, 0x00, 0x00, 0x00, 0x00, 0x00, 0x00,    0x00, 0x00, 0x00, 0x00, 0x00, 0x00, 0x00, 0x00, 0x00, 0x00, 0x00, 0x00,    0x00, 0x00, 0x00, 0x00, 0x00, 0x00, 0x00, 0x00, 0x00, 0x00, 0x00, 0x00,    0x00, 0x00, 0x00, 0x00, 0x00, 0x00, 0x00, 0x00, 0x00, 0x00, 0x00, 0x00,    0x00, 0x00, 0x00, 0x00, 0x00, 0x00, 0x00, 0x00, 0x00, 0x00, 0x00, 0x00,    0x00, 0x00, 0x00, 0x00, 0x00, 0x00, 0x00, 0x00, 0x00, 0x00, 0x00, 0x00,    0x00, 0x00, 0x00, 0x00, 0x00, 0x00, 0x00, 0x00, 0x00, 0x00, 0x00, 0x00,    0x00, 0x00, 0x00, 0x00, 0x00, 0x00, 0x00, 0x00, 0x00, 0x00, 0x00, 0x00,    0x00, 0x00, 0x00, 0x00, 0x00, 0x00, 0x00, 0x00, 0x00, 0x00, 0x00, 0x00,    0x00, 0x00, 0x00, 0x00, 0x00, 0x00, 0x00, 0x00, 0x00, 0x00, 0x00, 0x00,    0x00, 0x00, 0x00, 0x00, 0x00, 0x00, 0x00, 0x00, 0x00, 0x00, 0x00, 0x00,    0x00, 0x00, 0x00, 0x00, 0x00, 0x00, 0x00, 0x00, 0x00, 0x00, 0x00, 0x00,    0x00, 0x00, 0x00, 0x00, 0x00, 0x00, 0x00, 0x00, 0x00, 0x00, 0x00, 0x00,    0x00, 0x00, 0x00, 0x00, 0x00, 0x00, 0x00, 0x00, 0x00, 0x00, 0x00, 0x00,    0x00, 0x00, 0x00, 0x00, 0x00, 0x00, 0x00, 0x00, 0x00, 0x00, 0x00, 0x00,    0x00, 0x00, 0x00, 0x00, 0x00, 0x00, 0x00, 0x00, 0x00, 0x00, 0x00, 0x00,    0x00, 0x00, 0x00, 0x00, 0x00, 0x00, 0x00, 0x00, 0x00, 0x00, 0x00, 0x00,    0x00, 0x00, 0x00, 0x00, 0x00, 0x00, 0x00, 0x00, 0x00, 0x00, 0x00, 0x00,    0x00, 0x00, 0x00, 0x00, 0x00, 0x00, 0x00, 0x00, 0x00, 0x00, 0x00, 0x00,    0x00, 0x00, 0x00, 0x00, 0x00, 0x00, 0x00, 0x00, 0x00, 0x00, 0x00, 0x00,    0x00, 0x00, 0x00, 0x00, 0x00, 0x00, 0x00, 0x00, 0x00, 0x00, 0x00, 0x00,    0x00, 0x00, 0x00, 0x00, 0x00, 0x00, 0x00, 0x00, 0x00, 0x00, 0x00, 0x00,    0x00, 0x00, 0x00, 0x00, 0x00, 0x00, 0x00, 0x00, 0x00, 0x00, 0x00, 0x00,    0x00, 0x00, 0x00, 0x00, 0x00, 0x00, 0x00, 0x00, 0x00, 0x00, 0x00, 0x00,    0x00, 0x00, 0x00, 0x00, 0x00, 0x00, 0x00, 0x00, 0x00, 0x00, 0x00, 0x00,    0x00, 0x00, 0x00, 0x00, 0x00, 0x00, 0x00, 0x00, 0x00, 0x00, 0x00, 0x00,    0x00, 0x00, 0x00, 0x00</field>
                                              </block>
                                            </value>
                                            <next>
                                              <block type="ez_start_kit_oled_display_set_album2" id="?x*top]o:Y0wv+!;-jNy">
                                                <value name="Name">
                                                  <block type="text" id="a@GpY,6$hg6AP?SGh27r">
                                                    <field name="TEXT">n1</field>
                                                  </block>
                                                </value>
                                                <value name="Data">
                                                  <block type="text" id="GB|;@MV+t#cebpI:8Or?">
                                                    <field name="TEXT">0x00, 0x00, 0x00, 0x00, 0x00, 0x00, 0x00, 0x00, 0x00, 0x00, 0x00, 0x00,    0x00, 0x00, 0x00, 0x00, 0x00, 0x00, 0x00, 0x00, 0x00, 0x00, 0x00, 0x00,    0x00, 0x00, 0x00, 0x00, 0x00, 0x00, 0x00, 0x00, 0x00, 0x00, 0x00, 0x00,    0x00, 0x00, 0x00, 0x00, 0x00, 0x00, 0x00, 0x00, 0x00, 0x00, 0x00, 0x00,    0x00, 0x00, 0x00, 0x00, 0x00, 0x00, 0x00, 0x00, 0x00, 0x00, 0x00, 0x00,    0x00, 0x00, 0x00, 0x00, 0x00, 0x00, 0x00, 0x00, 0x00, 0x00, 0x00, 0x00,    0x00, 0x00, 0x00, 0x00, 0x00, 0x00, 0x00, 0x00, 0x00, 0x00, 0x00, 0x00,    0x00, 0x00, 0x00, 0x00, 0x00, 0x00, 0x00, 0x00, 0x00, 0x00, 0x00, 0x00,    0x00, 0x00, 0x00, 0x00, 0x00, 0x00, 0x00, 0x00, 0x00, 0x00, 0x00, 0x00,    0x00, 0x00, 0x00, 0x00, 0x00, 0x00, 0x00, 0x00, 0x00, 0x00, 0x00, 0x00,    0x00, 0x00, 0x00, 0x00, 0x00, 0x00, 0x00, 0x00, 0x00, 0x00, 0x00, 0x00,    0x00, 0x00, 0x00, 0x00, 0x00, 0x00, 0x00, 0x00, 0x00, 0x00, 0x00, 0x00,    0x00, 0x00, 0x00, 0x00, 0x00, 0x00, 0x00, 0x00, 0x00, 0x00, 0x00, 0x00,    0x00, 0x00, 0x00, 0x00, 0x00, 0x00, 0x00, 0x00, 0x00, 0x00, 0x00, 0x00,    0x00, 0x00, 0x00, 0x00, 0x00, 0x00, 0x00, 0x00, 0x00, 0x00, 0x00, 0x00,    0x00, 0x00, 0x00, 0x00, 0x00, 0x00, 0x00, 0x00, 0x00, 0x00, 0x00, 0x00,    0x00, 0x00, 0x00, 0x00, 0x00, 0x00, 0x00, 0x00, 0x00, 0x00, 0x00, 0x00,    0x00, 0x00, 0x00, 0x00, 0x00, 0x00, 0x00, 0x00, 0x00, 0x00, 0x00, 0x00,    0x00, 0x00, 0x00, 0x00, 0x00, 0x00, 0x00, 0x00, 0x00, 0x00, 0x00, 0x00,    0x00, 0x00, 0x00, 0x00, 0x00, 0x00, 0x00, 0x00, 0x00, 0x00, 0x00, 0x00,    0x00, 0x00, 0x00, 0x00, 0x00, 0x00, 0x00, 0x00, 0x00, 0x00, 0x00, 0x00,    0x00, 0x00, 0x00, 0x00, 0x00, 0x00, 0x00, 0x00, 0x00, 0x00, 0x00, 0x00,    0x00, 0x00, 0x00, 0x00, 0x00, 0x00, 0x00, 0x00, 0x00, 0x00, 0x00, 0x00,    0x00, 0x00, 0x00, 0x00, 0x00, 0x00, 0x00, 0x00, 0x00, 0x00, 0x00, 0x00,    0x00, 0x00, 0x00, 0x00, 0x00, 0x00, 0x00, 0x70, 0x00, 0x00, 0x00, 0x00,    0x00, 0x00, 0x00, 0x00, 0x00, 0x00, 0x00, 0x00, 0x00, 0x00, 0x00, 0x7F,    0x00, 0x00, 0x00, 0x00, 0x00, 0x00, 0x00, 0x00, 0x00, 0x00, 0x00, 0x00,    0x00, 0x00, 0xC0, 0x7F, 0x00, 0x00, 0x00, 0x00, 0x00, 0x00, 0x00, 0x00,    0x00, 0x00, 0x00, 0x00, 0x00, 0x00, 0xC0, 0x7B, 0x00, 0x00, 0x00, 0x00,    0x00, 0x00, 0x00, 0x00, 0x00, 0x00, 0x00, 0x00, 0x00, 0x00, 0xC0, 0x78,    0x00, 0x00, 0x00, 0x00, 0x00, 0x00, 0x00, 0x00, 0x00, 0x00, 0x00, 0x00,    0x00, 0x00, 0x00, 0x78, 0x00, 0x00, 0x00, 0x00, 0x00, 0x00, 0x00, 0x00,    0x00, 0x00, 0x00, 0x00, 0x00, 0x00, 0x00, 0x78, 0x00, 0x00, 0x00, 0x00,    0x00, 0x00, 0x00, 0x00, 0x00, 0x00, 0x00, 0x00, 0x00, 0x00, 0x00, 0x78,    0x00, 0x00, 0x00, 0x00, 0x00, 0x00, 0x00, 0x00, 0x00, 0x00, 0x00, 0x00,    0x00, 0x00, 0x00, 0x78, 0x00, 0x00, 0x00, 0x00, 0x00, 0x00, 0x00, 0x00,    0x00, 0x00, 0x00, 0x00, 0x00, 0x00, 0x00, 0x78, 0x00, 0x00, 0x00, 0x00,    0x00, 0x00, 0x00, 0x00, 0x00, 0x00, 0x00, 0x00, 0x00, 0x00, 0x00, 0x78,    0x00, 0x00, 0x00, 0x00, 0x00, 0x00, 0x00, 0x00, 0x00, 0x00, 0x00, 0x00,    0x00, 0x00, 0x00, 0x78, 0x00, 0x00, 0x00, 0x00, 0x00, 0x00, 0x00, 0x00,    0x00, 0x00, 0x00, 0x00, 0x00, 0x00, 0x00, 0x78, 0x00, 0x00, 0x00, 0x00,    0x00, 0x00, 0x00, 0x00, 0x00, 0x00, 0x00, 0x00, 0x00, 0x00, 0x00, 0x78,    0x00, 0x00, 0x00, 0x00, 0x00, 0x00, 0x00, 0x00, 0x00, 0x00, 0x00, 0x00,    0x00, 0x00, 0x00, 0x78, 0x00, 0x00, 0x00, 0x00, 0x00, 0x00, 0x00, 0x00,    0x00, 0x00, 0x00, 0x00, 0x00, 0x00, 0x00, 0x78, 0x00, 0x00, 0x00, 0x00,    0x00, 0x00, 0x00, 0x00, 0x00, 0x00, 0x00, 0x00, 0x00, 0x00, 0x00, 0x78,    0x00, 0x00, 0x00, 0x00, 0x00, 0x00, 0x00, 0x00, 0x00, 0x00, 0x00, 0x00,    0x00, 0x00, 0x00, 0x78, 0x00, 0x00, 0x00, 0x00, 0x00, 0x00, 0x00, 0x00,    0x00, 0x00, 0x00, 0x00, 0x00, 0x00, 0x00, 0x78, 0x00, 0x00, 0x00, 0x00,    0x00, 0x00, 0x00, 0x00, 0x00, 0x00, 0x00, 0x00, 0x00, 0x00, 0x00, 0x78,    0x00, 0x00, 0x00, 0x00, 0x00, 0x00, 0x00, 0x00, 0x00, 0x00, 0x00, 0x00,    0x00, 0x00, 0x00, 0x78, 0x00, 0x00, 0x00, 0x00, 0x00, 0x00, 0x00, 0x00,    0x00, 0x00, 0x00, 0x00, 0x00, 0x00, 0x00, 0x78, 0x00, 0x00, 0x00, 0x00,    0x00, 0x00, 0x00, 0x00, 0x00, 0x00, 0x00, 0x00, 0x00, 0x00, 0xC0, 0xFF,    0x0F, 0x00, 0x00, 0x00, 0x00, 0x00, 0x00, 0x00, 0x00, 0x00, 0x00, 0x00,    0x00, 0x00, 0xC0, 0xFF, 0x0F, 0x00, 0x00, 0x00, 0x00, 0x00, 0x00, 0x00,    0x00, 0x00, 0x00, 0x00, 0x00, 0x00, 0xC0, 0xFF, 0x0F, 0x00, 0x00, 0x00,    0x00, 0x00, 0x00, 0x00, 0x00, 0x00, 0x00, 0x00, 0x00, 0x00, 0x00, 0x00,    0x00, 0x00, 0x00, 0x00, 0x00, 0x00, 0x00, 0x00, 0x00, 0x00, 0x00, 0x00,    0x00, 0x00, 0x00, 0x00, 0x00, 0x00, 0x00, 0x00, 0x00, 0x00, 0x00, 0x00,    0x00, 0x00, 0x00, 0x00, 0x00, 0x00, 0x00, 0x00, 0x00, 0x00, 0x00, 0x00,    0x00, 0x00, 0x00, 0x00, 0x00, 0x00, 0x00, 0x00, 0x00, 0x00, 0x00, 0x00,    0x00, 0x00, 0x00, 0x00, 0x00, 0x00, 0x00, 0x00, 0x00, 0x00, 0x00, 0x00,    0x00, 0x00, 0x00, 0x00, 0x00, 0x00, 0x00, 0x00, 0x00, 0x00, 0x00, 0x00,    0x00, 0x00, 0x00, 0x00, 0x00, 0x00, 0x00, 0x00, 0x00, 0x00, 0x00, 0x00,    0x00, 0x00, 0x00, 0x00, 0x00, 0x00, 0x00, 0x00, 0x00, 0x00, 0x00, 0x00,    0x00, 0x00, 0x00, 0x00, 0x00, 0x00, 0x00, 0x00, 0x00, 0x00, 0x00, 0x00,    0x00, 0x00, 0x00, 0x00, 0x00, 0x00, 0x00, 0x00, 0x00, 0x00, 0x00, 0x00,    0x00, 0x00, 0x00, 0x00, 0x00, 0x00, 0x00, 0x00, 0x00, 0x00, 0x00, 0x00,    0x00, 0x00, 0x00, 0x00, 0x00, 0x00, 0x00, 0x00, 0x00, 0x00, 0x00, 0x00,    0x00, 0x00, 0x00, 0x00, 0x00, 0x00, 0x00, 0x00, 0x00, 0x00, 0x00, 0x00,    0x00, 0x00, 0x00, 0x00, 0x00, 0x00, 0x00, 0x00, 0x00, 0x00, 0x00, 0x00,    0x00, 0x00, 0x00, 0x00, 0x00, 0x00, 0x00, 0x00, 0x00, 0x00, 0x00, 0x00,    0x00, 0x00, 0x00, 0x00, 0x00, 0x00, 0x00, 0x00, 0x00, 0x00, 0x00, 0x00,    0x00, 0x00, 0x00, 0x00, 0x00, 0x00, 0x00, 0x00, 0x00, 0x00, 0x00, 0x00,    0x00, 0x00, 0x00, 0x00, 0x00, 0x00, 0x00, 0x00, 0x00, 0x00, 0x00, 0x00,    0x00, 0x00, 0x00, 0x00, 0x00, 0x00, 0x00, 0x00, 0x00, 0x00, 0x00, 0x00,    0x00, 0x00, 0x00, 0x00, 0x00, 0x00, 0x00, 0x00, 0x00, 0x00, 0x00, 0x00,    0x00, 0x00, 0x00, 0x00, 0x00, 0x00, 0x00, 0x00, 0x00, 0x00, 0x00, 0x00,    0x00, 0x00, 0x00, 0x00, 0x00, 0x00, 0x00, 0x00, 0x00, 0x00, 0x00, 0x00,    0x00, 0x00, 0x00, 0x00, 0x00, 0x00, 0x00, 0x00, 0x00, 0x00, 0x00, 0x00,    0x00, 0x00, 0x00, 0x00, 0x00, 0x00, 0x00, 0x00, 0x00, 0x00, 0x00, 0x00,    0x00, 0x00, 0x00, 0x00, 0x00, 0x00, 0x00, 0x00, 0x00, 0x00, 0x00, 0x00,    0x00, 0x00, 0x00, 0x00, 0x00, 0x00, 0x00, 0x00, 0x00, 0x00, 0x00, 0x00,    0x00, 0x00, 0x00, 0x00, 0x00, 0x00, 0x00, 0x00, 0x00, 0x00, 0x00, 0x00,    0x00, 0x00, 0x00, 0x00</field>
                                                  </block>
                                                </value>
                                                <next>
                                                  <block type="ez_start_kit_oled_display_set_album2" id="`h~$0lJJ{8`XaZn3bl3J">
                                                    <value name="Name">
                                                      <block type="text" id="95)~`x34n5O_nBY1_~Lb">
                                                        <field name="TEXT">noperson</field>
                                                      </block>
                                                    </value>
                                                    <value name="Data">
                                                      <block type="text" id="mpaGBT(a/I~?gcZ/k+$6">
                                                        <field name="TEXT">0x00, 0x00, 0x00, 0x00, 0x00, 0x00, 0x00, 0x00, 0x00, 0x00, 0x00, 0x00,    0x00, 0x00, 0x00, 0x00, 0x00, 0x00, 0x00, 0x00, 0x00, 0x00, 0x00, 0x00,    0x00, 0x00, 0x00, 0x00, 0x00, 0x00, 0x00, 0x00, 0x00, 0x00, 0x00, 0x00,    0x00, 0x00, 0x00, 0x00, 0x00, 0x00, 0x00, 0x00, 0x00, 0x00, 0x00, 0x00,    0x00, 0x00, 0x00, 0x00, 0x00, 0x00, 0x00, 0x00, 0x00, 0x00, 0x00, 0x00,    0x00, 0x00, 0x00, 0x00, 0x00, 0x00, 0x00, 0x00, 0x00, 0x00, 0x00, 0x00,    0x00, 0x00, 0x00, 0x00, 0x00, 0x00, 0x00, 0x00, 0x00, 0x00, 0x00, 0x00,    0x00, 0x00, 0x00, 0x00, 0x00, 0x00, 0x00, 0x00, 0x00, 0x00, 0x00, 0x00,    0x00, 0x00, 0x00, 0x00, 0x00, 0x00, 0x00, 0x00, 0x00, 0x00, 0x00, 0x00,    0x00, 0x00, 0x00, 0x00, 0x00, 0x00, 0x00, 0x00, 0x00, 0x00, 0x00, 0x00,    0x00, 0x00, 0x00, 0x00, 0x00, 0x00, 0x00, 0x00, 0x00, 0x00, 0x00, 0x00,    0x00, 0x00, 0x00, 0x00, 0x00, 0x00, 0x00, 0x00, 0x00, 0x00, 0x00, 0x00,    0x00, 0x00, 0x00, 0x00, 0x00, 0x00, 0x00, 0x00, 0x00, 0x00, 0x00, 0x00,    0x00, 0x00, 0x00, 0x00, 0x00, 0x00, 0x00, 0x00, 0x00, 0x00, 0x00, 0x00,    0x00, 0x00, 0x00, 0x00, 0x00, 0x00, 0x00, 0x00, 0x00, 0x00, 0x00, 0x00,    0x00, 0x00, 0x00, 0x00, 0x00, 0x00, 0x00, 0x00, 0x00, 0x00, 0x00, 0x00,    0x00, 0x00, 0x00, 0x00, 0x00, 0x00, 0x00, 0x00, 0x00, 0x00, 0x00, 0x00,    0x00, 0x00, 0x00, 0x00, 0x00, 0x00, 0x00, 0x00, 0x00, 0x00, 0x00, 0x00,    0x00, 0x00, 0x00, 0x00, 0x00, 0x00, 0x00, 0x00, 0x00, 0x00, 0x00, 0x00,    0x00, 0x00, 0x00, 0x00, 0x00, 0x00, 0x00, 0x00, 0x00, 0x00, 0x00, 0x00,    0x00, 0x00, 0x00, 0x00, 0x00, 0x00, 0x00, 0x00, 0x00, 0x00, 0x00, 0x00,    0x00, 0x00, 0x00, 0x00, 0x00, 0x00, 0x00, 0x00, 0x00, 0x00, 0x00, 0x00,    0x00, 0x00, 0x00, 0x00, 0x00, 0x00, 0x00, 0x00, 0x00, 0x00, 0x00, 0x00,    0x00, 0x00, 0x00, 0x00, 0x00, 0x00, 0x00, 0x00, 0x00, 0x00, 0x00, 0x00,    0x00, 0x00, 0x00, 0x00, 0x00, 0x00, 0x00, 0x00, 0x00, 0x00, 0x00, 0x00,    0x00, 0x00, 0x00, 0x00, 0x00, 0x10, 0x80, 0x01, 0x00, 0x00, 0x03, 0x00,    0x40, 0x00, 0x00, 0x00, 0x03, 0x06, 0x00, 0x00, 0x00, 0x78, 0xC0, 0x01,    0x00, 0x80, 0x03, 0x00, 0xE0, 0xF0, 0xFF, 0x00, 0x03, 0x07, 0x00, 0x00,    0x00, 0xF0, 0xC0, 0x01, 0x00, 0x80, 0x03, 0x00, 0x60, 0xF0, 0xFF, 0x80,    0x07, 0xFF, 0x01, 0x00, 0x00, 0xE0, 0xC1, 0xFF, 0xC1, 0xFF, 0xFF, 0x1F,    0x70, 0x06, 0xE0, 0xC0, 0x0F, 0xFF, 0x01, 0x00, 0x00, 0x80, 0xE1, 0xFF,    0xC1, 0xFF, 0xFF, 0x1F, 0x30, 0x06, 0xE0, 0xC0, 0x1C, 0xC3, 0x01, 0x00,    0x00, 0x00, 0x60, 0x80, 0x01, 0xE0, 0x00, 0x00, 0x38, 0x07, 0xE0, 0xE0,    0x98, 0xC3, 0x01, 0x00, 0x00, 0x00, 0x70, 0x80, 0x01, 0xF0, 0x00, 0x00,    0x9C, 0x03, 0xE0, 0x70, 0x80, 0xFF, 0x00, 0x00, 0x00, 0x10, 0x38, 0x80,    0x01, 0x70, 0x00, 0x00, 0xFC, 0x03, 0xE0, 0xF0, 0x8F, 0xFF, 0x00, 0x00,    0x00, 0x38, 0x38, 0xC0, 0x01, 0xF8, 0xFF, 0x0F, 0xFE, 0x01, 0xE0, 0xD0,    0x0F, 0xE0, 0x00, 0x00, 0x00, 0x70, 0x1C, 0xFC, 0x01, 0xFC, 0xFF, 0x0F,    0xCC, 0xE0, 0xFF, 0x80, 0x03, 0xE0, 0x00, 0x00, 0x00, 0xE0, 0x09, 0xFC,    0x00, 0x1E, 0x00, 0x0E, 0xE0, 0xE3, 0xFF, 0x80, 0xE3, 0xFF, 0x07, 0x00,    0x00, 0xC0, 0x01, 0x00, 0x00, 0x1F, 0x00, 0x0E, 0x70, 0x67, 0x00, 0xF0,    0xFF, 0xFF, 0x07, 0x00, 0x00, 0x80, 0x00, 0x00, 0x80, 0xFF, 0xFF, 0x0F,    0x38, 0x67, 0x00, 0xF0, 0x1F, 0x38, 0x00, 0x00, 0x00, 0x00, 0xF8, 0xFF,    0xC1, 0xF9, 0xFF, 0x0F, 0x18, 0x66, 0x00, 0x80, 0x83, 0x39, 0x07, 0x00,    0x00, 0x80, 0xF8, 0xFF, 0x81, 0x18, 0x00, 0x0E, 0xFC, 0x6F, 0x00, 0xB0,    0xDB, 0xFF, 0x03, 0x00, 0x00, 0x80, 0x73, 0xE0, 0x00, 0x18, 0x00, 0x0E,    0xFE, 0x6F, 0x00, 0xB0, 0x1B, 0xB9, 0x01, 0x00, 0x00, 0x80, 0xE1, 0xE0,    0x00, 0x18, 0x00, 0x0E, 0x1C, 0x60, 0x00, 0xA0, 0x1B, 0x38, 0x00, 0x00,    0x00, 0xC0, 0xE1, 0x70, 0x00, 0xF8, 0xFF, 0x0F, 0x00, 0x60, 0x00, 0xE0,    0x1B, 0xBA, 0x00, 0x00, 0x00, 0xC0, 0xC0, 0x39, 0x00, 0xF8, 0xFF, 0x0F,    0xCC, 0x66, 0x40, 0xE0, 0x0B, 0xFF, 0x01, 0x00, 0x00, 0xE0, 0x80, 0x1F,    0x00, 0x1C, 0x00, 0x0E, 0xCC, 0x66, 0xC0, 0xE0, 0xCF, 0x3B, 0x03, 0x00,    0x00, 0x60, 0x00, 0x0F, 0x00, 0x0C, 0x00, 0x0E, 0xCC, 0x6C, 0xC0, 0xE0,    0xF3, 0x39, 0x07, 0x00, 0x00, 0x70, 0xC0, 0x3F, 0x00, 0x0E, 0x00, 0x0E,    0xCE, 0x6C, 0xC0, 0x80, 0x5F, 0x38, 0x06, 0x00, 0x00, 0x38, 0xF8, 0xF9,    0x00, 0x07, 0xF0, 0x07, 0xCE, 0xE0, 0xFF, 0xF0, 0x0F, 0x3E, 0x04, 0x00,    0x00, 0x38, 0x7E, 0xE0, 0x07, 0x06, 0xE0, 0x07, 0xC4, 0xC0, 0x7F, 0x70,    0x00, 0x1E, 0x00, 0x00, 0x00, 0x10, 0x0C, 0x00, 0x03, 0x00, 0x00, 0x00,    0x00, 0x00, 0x00, 0x00, 0x00, 0x00, 0x00, 0x00, 0x00, 0x00, 0x00, 0x00,    0x00, 0x00, 0x00, 0x00, 0x00, 0x00, 0x00, 0x00, 0x00, 0x00, 0x00, 0x00,    0x00, 0x00, 0x00, 0x00, 0x00, 0x00, 0x00, 0x00, 0x00, 0x00, 0x00, 0x00,    0x00, 0x00, 0x00, 0x00, 0x00, 0x00, 0x00, 0x00, 0x00, 0x00, 0x00, 0x00,    0x00, 0x00, 0x00, 0x00, 0x00, 0x00, 0x00, 0x00, 0x00, 0x00, 0x00, 0x00,    0x00, 0x00, 0x00, 0x00, 0x00, 0x00, 0x00, 0x00, 0x00, 0x00, 0x00, 0x00,    0x00, 0x00, 0x00, 0x00, 0x00, 0x00, 0x00, 0x00, 0x00, 0x00, 0x00, 0x00,    0x00, 0x00, 0x00, 0x00, 0x00, 0x00, 0x00, 0x00, 0x00, 0x00, 0x00, 0x00,    0x00, 0x00, 0x00, 0x00, 0x00, 0x00, 0x00, 0x00, 0x00, 0x00, 0x00, 0x00,    0x00, 0x00, 0x00, 0x00, 0x00, 0x00, 0x00, 0x00, 0x00, 0x00, 0x00, 0x00,    0x00, 0x00, 0x00, 0x00, 0x00, 0x00, 0x00, 0x00, 0x00, 0x00, 0x00, 0x00,    0x00, 0x00, 0x00, 0x00, 0x00, 0x00, 0x00, 0x00, 0x00, 0x00, 0x00, 0x00,    0x00, 0x00, 0x00, 0x00, 0x00, 0x00, 0x00, 0x00, 0x00, 0x00, 0x00, 0x00,    0x00, 0x00, 0x00, 0x00, 0x00, 0x00, 0x00, 0x00, 0x00, 0x00, 0x00, 0x00,    0x00, 0x00, 0x00, 0x00, 0x00, 0x00, 0x00, 0x00, 0x00, 0x00, 0x00, 0x00,    0x00, 0x00, 0x00, 0x00, 0x00, 0x00, 0x00, 0x00, 0x00, 0x00, 0x00, 0x00,    0x00, 0x00, 0x00, 0x00, 0x00, 0x00, 0x00, 0x00, 0x00, 0x00, 0x00, 0x00,    0x00, 0x00, 0x00, 0x00, 0x00, 0x00, 0x00, 0x00, 0x00, 0x00, 0x00, 0x00,    0x00, 0x00, 0x00, 0x00, 0x00, 0x00, 0x00, 0x00, 0x00, 0x00, 0x00, 0x00,    0x00, 0x00, 0x00, 0x00, 0x00, 0x00, 0x00, 0x00, 0x00, 0x00, 0x00, 0x00,    0x00, 0x00, 0x00, 0x00, 0x00, 0x00, 0x00, 0x00, 0x00, 0x00, 0x00, 0x00,    0x00, 0x00, 0x00, 0x00, 0x00, 0x00, 0x00, 0x00, 0x00, 0x00, 0x00, 0x00,    0x00, 0x00, 0x00, 0x00, 0x00, 0x00, 0x00, 0x00, 0x00, 0x00, 0x00, 0x00,    0x00, 0x00, 0x00, 0x00, 0x00, 0x00, 0x00, 0x00, 0x00, 0x00, 0x00, 0x00,    0x00, 0x00, 0x00, 0x00, 0x00, 0x00, 0x00, 0x00, 0x00, 0x00, 0x00, 0x00,    0x00, 0x00, 0x00, 0x00, 0x00, 0x00, 0x00, 0x00, 0x00, 0x00, 0x00, 0x00,    0x00, 0x00, 0x00, 0x00, 0x00, 0x00, 0x00, 0x00, 0x00, 0x00, 0x00, 0x00,    0x00, 0x00, 0x00, 0x00</field>
                                                      </block>
                                                    </value>
                                                    <next>
                                                      <block type="ez_start_kit_oled_display_show_album2" id="O-#K07U{`{%nkBj?]Ru4">
                                                        <value name="Name">
                                                          <block type="text" id="72h2N}iZ[i;T~c,zxv5J">
                                                            <field name="TEXT">lock</field>
                                                          </block>
                                                        </value>
                                                      </block>
                                                    </next>
                                                  </block>
                                                </next>
                                              </block>
                                            </next>
                                          </block>
                                        </next>
                                      </block>
                                    </next>
                                  </block>
                                </next>
                              </block>
                            </next>
                          </block>
                        </next>
                      </block>
                    </next>
                  </block>
                </next>
              </block>
            </next>
          </block>
        </next>
      </block>
    </statement>
    <next>
      <block type="initializes_loop" id="1">
        <statement name="CONTENT">
          <block type="huskylens_read_data" id="~Hd[?R7m4JJ~So-DPwh`">
            <next>
              <block type="controls_if" id="1},FYWzKehFqA=i5C)jm">
                <value name="IF0">
                  <block type="logic_negate" id="9Tvm:dB]aJn-V@MP?T)7">
                    <value name="BOOL">
                      <block type="inout_custom_digital_read" id="FdTSfx([$}-GLyhC{asO">
                        <value name="PIN_READ">
                          <block type="math_number" id="WbpgtX_5%|p#y|?R=*F7">
                            <field name="NUM">36</field>
                          </block>
                        </value>
                      </block>
                    </value>
                  </block>
                </value>
                <statement name="DO0">
                  <block type="procedures_callnoreturn" id="Z*uC_;oYq8d`4GpEr5g-">
                    <mutation xmlns="http://www.w3.org/1999/xhtml" name="start_sound"></mutation>
                    <value name="VAR">
                      <shadow type="lists_create_with" id="jXO!nJ)@NUSL3E|RxL$X">
                        <mutation items="0"></mutation>
                      </shadow>
                    </value>
                    <next>
                      <block type="controls_if" id="^{|nUTebk_d%DHa]-8W/">
                        <mutation else="1"></mutation>
                        <value name="IF0">
                          <block type="huskylens_read_now" id="|)T{7ik*16qOG}~X-05G"></block>
                        </value>
                        <statement name="DO0">
                          <block type="controls_if" id="C!;dMo?@F{FK93Hh@8m7">
                            <mutation else="1"></mutation>
                            <value name="IF0">
                              <block type="logic_compare" id="c|M]S;nW$ubwy:DpF.~7">
                                <field name="OP">EQ</field>
                                <value name="A">
                                  <block type="huskylens_get_data_block" id="Z65{]E*`ID@}r7Yf0g.n">
                                    <field name="BLOCK_DATA">ID</field>
                                  </block>
                                </value>
                                <value name="B">
                                  <block type="math_number" id=")$$!QVS{.IL%4jgy^X.[">
                                    <field name="NUM">1</field>
                                  </block>
                                </value>
                              </block>
                            </value>
                            <statement name="DO0">
                              <block type="procedures_callnoreturn" id="N?[FenKV|cMSAEg7!$w_">
                                <mutation xmlns="http://www.w3.org/1999/xhtml" name="chack_OK"></mutation>
                                <value name="VAR">
                                  <shadow type="lists_create_with" id="W@;mT]_m0blYBQy.fQQ;">
                                    <mutation items="0"></mutation>
                                  </shadow>
                                </value>
                              </block>
                            </statement>
                            <statement name="ELSE">
                              <block type="procedures_callnoreturn" id="y[MoqYjQX2Wt78Mnv_D?">
                                <mutation xmlns="http://www.w3.org/1999/xhtml" name="chack_ERROR"></mutation>
                                <value name="VAR">
                                  <shadow type="lists_create_with" id="%AZXqZ3Xul^19xptg5IW">
                                    <mutation items="0"></mutation>
                                  </shadow>
                                </value>
                              </block>
                            </statement>
                          </block>
                        </statement>
                        <statement name="ELSE">
                          <block type="procedures_callnoreturn" id="NDYq6[pQMo_*}t7|6:/$">
                            <mutation xmlns="http://www.w3.org/1999/xhtml" name="chack_ERROR"></mutation>
                            <value name="VAR">
                              <shadow type="lists_create_with" id="ke3L$Z-cgl.b]D*k=+U,">
                                <mutation items="0"></mutation>
                              </shadow>
                            </value>
                          </block>
                        </statement>
                      </block>
                    </next>
                  </block>
                </statement>
                <next>
                  <block type="variables_set3" id="d2#t$}{yaDVu8^JSYFL+">
                    <field name="VAR" id="do)[Q}.IM0(5R7WO~uvs">card</field>
                    <value name="DELTA">
                      <shadow type="math_number" id="+d3gJq~d,lO+.XA.t1S.">
                        <field name="NUM">0</field>
                      </shadow>
                      <block type="m5_mini_rfid" id="4:]15dea$UA=afLe(*Nq"></block>
                    </value>
                    <next>
                      <block type="controls_if" id="Kl6#RBz?}f_;GS4]w7-:">
                        <value name="IF0">
                          <block type="logic_compare" id="J)/cx49|N2{.sa[dl~t.">
                            <field name="OP">NEQ</field>
                            <value name="A">
                              <block type="variables_get" id="Lr65b`3}?r!GUV0d(i[L">
                                <field name="VAR" id="do)[Q}.IM0(5R7WO~uvs">card</field>
                              </block>
                            </value>
                            <value name="B">
                              <block type="text" id="6$ePd5`0?~@3mIoL?mYT">
                                <field name="TEXT"></field>
                              </block>
                            </value>
                          </block>
                        </value>
                        <statement name="DO0">
                          <block type="procedures_callnoreturn" id=",}$Hb[!ChEPZtw`c1^H[">
                            <mutation xmlns="http://www.w3.org/1999/xhtml" name="start_sound"></mutation>
                            <value name="VAR">
                              <shadow type="lists_create_with" id="N|ga~M%eR%Ik43MD_iJh">
                                <mutation items="0"></mutation>
                              </shadow>
                            </value>
                            <next>
                              <block type="controls_if" id="Q4A6XM@sAZHd7=P*6{/S">
                                <mutation else="1"></mutation>
                                <value name="IF0">
                                  <block type="logic_compare" id="[3Nrw?up.jxT[e{7Rj`u">
                                    <field name="OP">EQ</field>
                                    <value name="A">
                                      <block type="variables_get" id="@f8](`|*u(pjGs+)^MF$">
                                        <field name="VAR" id="do)[Q}.IM0(5R7WO~uvs">card</field>
                                      </block>
                                    </value>
                                    <value name="B">
                                      <block type="text" id="3P;K,,a*=NbX}P+_H:YC">
                                        <field name="TEXT">7cd9ab48</field>
                                      </block>
                                    </value>
                                  </block>
                                </value>
                                <statement name="DO0">
                                  <block type="procedures_callnoreturn" id="Nf|CHBLI?;Q=ZQ6rX?|M">
                                    <mutation xmlns="http://www.w3.org/1999/xhtml" name="chack_OK"></mutation>
                                    <value name="VAR">
                                      <shadow type="lists_create_with" id="Jg^DYJ(Tk9Pr~Etfj{jj">
                                        <mutation items="0"></mutation>
                                      </shadow>
                                    </value>
                                  </block>
                                </statement>
                                <statement name="ELSE">
                                  <block type="procedures_callnoreturn" id="7(8Xqi=3)CW4v)SFkw]-">
                                    <mutation xmlns="http://www.w3.org/1999/xhtml" name="chack_ERROR"></mutation>
                                    <value name="VAR">
                                      <shadow type="lists_create_with" id="+sf)QCtX4P`AEoIYj#dK">
                                        <mutation items="0"></mutation>
                                      </shadow>
                                    </value>
                                  </block>
                                </statement>
                              </block>
                            </next>
                          </block>
                        </statement>
                        <next>
                          <block type="controls_if" id="Q-.;4(@A^W;RpMX?Twtx">
                            <value name="IF0">
                              <block type="logic_compare" id="BTf|VG{WWb?%DT$#@C|x">
                                <field name="OP">EQ</field>
                                <value name="A">
                                  <block type="variables_get" id="?;]6N|myXg^@jnxkZ2A=">
                                    <field name="VAR" id="5UfJNA0=o79bB6oFD;?9">door</field>
                                  </block>
                                </value>
                                <value name="B">
                                  <block type="math_number" id="lmcd#Cza(f+Bz;GK[4uB">
                                    <field name="NUM">1</field>
                                  </block>
                                </value>
                              </block>
                            </value>
                            <statement name="DO0">
                              <block type="procedures_callnoreturn" id="Sl^I9U1w:vve0O,1M}H~">
                                <mutation xmlns="http://www.w3.org/1999/xhtml" name="open_and_lock"></mutation>
                                <value name="VAR">
                                  <shadow type="lists_create_with" id="!}2y}B.Iv8~pC59uz_{M">
                                    <mutation items="0"></mutation>
                                  </shadow>
                                </value>
                              </block>
                            </statement>
                            <next>
                              <block type="delay_custom" id="e?Op!y6VigI,kA`_x}cL">
                                <value name="DELAY_TIME">
                                  <block type="math_number" id="adj5v=d2(+-6!Eq00%TL">
                                    <field name="NUM">100</field>
                                  </block>
                                </value>
                              </block>
                            </next>
                          </block>
                        </next>
                      </block>
                    </next>
                  </block>
                </next>
              </block>
            </next>
          </block>
        </statement>
      </block>
    </next>
  </block>
  <block type="procedures_defnoreturn" id="{0kfuWx%Bm#cV^4fB29N" x="710" y="550">
    <field name="NAME">chack_OK</field>
    <value name="VAR">
      <shadow type="lists_create_with" id="qeNZ1)x8}_6S]EERK?3=">
        <mutation items="0"></mutation>
      </shadow>
    </value>
    <statement name="STACK">
      <block type="ez_start_kit_oled_display_show_album2" id="X+gOb8[P3=qr3eXSs2]:">
        <value name="Name">
          <block type="text" id="U-(/XcfE?t+~1T#ro6.T">
            <field name="TEXT">open</field>
          </block>
        </value>
        <next>
          <block type="variables_set3" id=")*4w5s~_Uer88pL}*GJk">
            <field name="VAR" id="5UfJNA0=o79bB6oFD;?9">door</field>
            <value name="DELTA">
              <shadow type="math_number" id=".F6HFo~L/HuvEpn3nPHm">
                <field name="NUM">1</field>
              </shadow>
            </value>
            <next>
              <block type="esp32_tone" id="P/goLZ2KE!-~q`5W)PiJ">
                <field name="FREQ">494</field>
                <value name="PIN">
                  <block type="math_number" id="zTlj1B/lR_pu{F.QAQ:r">
                    <field name="NUM">27</field>
                  </block>
                </value>
                <value name="CHANNEL">
                  <block type="math_number" id="+En|]Z5X#f2MOn}6(zXW">
                    <field name="NUM">0</field>
                  </block>
                </value>
                <next>
                  <block type="delay_custom" id="|j~vLk{o[O9C^2czPO5s">
                    <value name="DELAY_TIME">
                      <block type="math_number" id="Q|0[xUh24rxi1xS*?3J;">
                        <field name="NUM">100</field>
                      </block>
                    </value>
                    <next>
                      <block type="esp32_no_tone" id="6t[pZ9_d$,CWVM#uCM6?">
                        <value name="PIN">
                          <block type="math_number" id="c(L=g~Y@+9svjM2a7~A?">
                            <field name="NUM">27</field>
                          </block>
                        </value>
                        <value name="CHANNEL">
                          <block type="math_number" id="32Q$f2Sh76UsC1cg?s~9">
                            <field name="NUM">0</field>
                          </block>
                        </value>
                      </block>
                    </next>
                  </block>
                </next>
              </block>
            </next>
          </block>
        </next>
      </block>
    </statement>
  </block>
  <block type="procedures_defnoreturn" id="1;}Fe}d{;Vd`.q}f9/N/" x="1230" y="550">
    <field name="NAME">start_sound</field>
    <value name="VAR">
      <shadow type="lists_create_with" id="?X$(,1f9R:hy(-uDcL6{">
        <mutation items="0"></mutation>
      </shadow>
    </value>
    <statement name="STACK">
      <block type="esp32_tone" id=")XDY@B+v+w7kt?^@LeW4">
        <field name="FREQ">262</field>
        <value name="PIN">
          <block type="math_number" id="P1~q8uTZyJcNbk+50t*n">
            <field name="NUM">27</field>
          </block>
        </value>
        <value name="CHANNEL">
          <block type="math_number" id="eP997Ou#b]{V^mp_e8L$">
            <field name="NUM">0</field>
          </block>
        </value>
        <next>
          <block type="delay_custom" id="dZ)D]Lz^0/So$hYh:V;c">
            <value name="DELAY_TIME">
              <block type="math_number" id="0m#]N~P,QF~.db]ep);^">
                <field name="NUM">100</field>
              </block>
            </value>
            <next>
              <block type="esp32_no_tone" id="a^3`7c2wi!}moL@${(00">
                <value name="PIN">
                  <block type="math_number" id="C%Ur8^@r?2fkl+3Zh`J7">
                    <field name="NUM">27</field>
                  </block>
                </value>
                <value name="CHANNEL">
                  <block type="math_number" id=";-MLIQGt8;`Gi0D0/ZKi">
                    <field name="NUM">0</field>
                  </block>
                </value>
                <next>
                  <block type="delay_custom" id="Brrm~A(_8O*5iT)m?Amq">
                    <value name="DELAY_TIME">
                      <block type="math_number" id=".N`LN%;gL^2}T|0Sl}]0">
                        <field name="NUM">500</field>
                      </block>
                    </value>
                  </block>
                </next>
              </block>
            </next>
          </block>
        </next>
      </block>
    </statement>
  </block>
  <block type="procedures_defnoreturn" id="*V@(]RC3S-F2u)fdgZ-o" x="710" y="830">
    <field name="NAME">chack_ERROR</field>
    <value name="VAR">
      <shadow type="lists_create_with" id="o~x}N/3}%V%A$8}^{+:F">
        <mutation items="0"></mutation>
      </shadow>
    </value>
    <statement name="STACK">
      <block type="ez_start_kit_oled_display_show_album2" id="bgu#}~Z4${O)kf{l=6Kk">
        <value name="Name">
          <block type="text" id="C^T:N#o0@h[o[g4Y$Y`y">
            <field name="TEXT">noperson</field>
          </block>
        </value>
        <next>
          <block type="controls_repeat_ext" id="LW~Y4_[@?Z}.f=Q@$;qz">
            <value name="TIMES">
              <block type="math_number" id="NAL/_.n#gvUKb%#7!MNz">
                <field name="NUM">3</field>
              </block>
            </value>
            <statement name="DO">
              <block type="esp32_tone" id="p)Lqg;,:jOur669(rl/1">
                <field name="FREQ">262</field>
                <value name="PIN">
                  <block type="math_number" id="]3M.8ojnP3mWk?W|$?eS">
                    <field name="NUM">27</field>
                  </block>
                </value>
                <value name="CHANNEL">
                  <block type="math_number" id="%(Vz4?gEKN=}W)p5(,Z,">
                    <field name="NUM">0</field>
                  </block>
                </value>
                <next>
                  <block type="delay_custom" id=")HMim?(_|cG(rl=u;OKo">
                    <value name="DELAY_TIME">
                      <block type="math_number" id="6U?I!hUyqE{^,Iu)Q76n">
                        <field name="NUM">100</field>
                      </block>
                    </value>
                    <next>
                      <block type="esp32_no_tone" id="$qaAOR^HWd1f5lc?SBoo">
                        <value name="PIN">
                          <block type="math_number" id="uTGp@!#4^_x;YRThz%3%">
                            <field name="NUM">27</field>
                          </block>
                        </value>
                        <value name="CHANNEL">
                          <block type="math_number" id=";/oqX6FE7:R8Y93]X}4F">
                            <field name="NUM">0</field>
                          </block>
                        </value>
                        <next>
                          <block type="delay_custom" id="m`puh]U_uTTvsN4qYz+U">
                            <value name="DELAY_TIME">
                              <block type="math_number" id="h-?2vojxx+x]V4$NR}mx">
                                <field name="NUM">100</field>
                              </block>
                            </value>
                          </block>
                        </next>
                      </block>
                    </next>
                  </block>
                </next>
              </block>
            </statement>
            <next>
              <block type="ez_start_kit_oled_display_show_album2" id="1y2.Ep_]%3^4)7KYQT)7">
                <value name="Name">
                  <block type="text" id="6O[//K|IhkyVRvkTpF46">
                    <field name="TEXT">lock</field>
                  </block>
                </value>
              </block>
            </next>
          </block>
        </next>
      </block>
    </statement>
  </block>
  <block type="procedures_defnoreturn" id="lEJM2Qpz^Db}M|I]C/Z|" x="1230" y="830">
    <field name="NAME">open_and_lock</field>
    <value name="VAR">
      <shadow type="lists_create_with" id="N,x+OlC#N}X7;sqMfTmb">
        <mutation items="0"></mutation>
      </shadow>
    </value>
    <statement name="STACK">
      <block type="inout_custom_digital_write" id="F,~~[E_#.jdCA8OM$*Q7">
        <value name="PIN">
          <block type="math_number" id="Vn0--CT1-SLuq`LrB2af">
            <field name="NUM">26</field>
          </block>
        </value>
        <value name="STAT">
          <block type="inout_highlow" id="(^6k,YH_xxjnPeRLE`,;">
            <field name="BOOL">HIGH</field>
          </block>
        </value>
        <next>
          <block type="delay_custom" id="=KGB;^W}q/R;iU}1q*3h">
            <value name="DELAY_TIME">
              <block type="math_number" id="-iFvAY5_Q5k?b,Ca2$Tq">
                <field name="NUM">1000</field>
              </block>
            </value>
            <next>
              <block type="ez_start_kit_oled_display_show_album2" id="[^}:]j1E(9}60)rV-E+j">
                <value name="Name">
                  <block type="text" id="2R/D|KXcTs!Gp-bVi:IY">
                    <field name="TEXT">n3</field>
                  </block>
                </value>
                <next>
                  <block type="delay_custom" id="adgq]c%jilmG(@n5vD1C">
                    <value name="DELAY_TIME">
                      <block type="math_number" id="x-C2_|Pw%6VRSV5@x`9/">
                        <field name="NUM">1000</field>
                      </block>
                    </value>
                    <next>
                      <block type="ez_start_kit_oled_display_show_album2" id="(BW6nl}AKG/26{B@DO1{">
                        <value name="Name">
                          <block type="text" id="?4a{CeSn,[xNQf1q7_[d">
                            <field name="TEXT">n2</field>
                          </block>
                        </value>
                        <next>
                          <block type="delay_custom" id="I;xd]Lf=izIR0VGgewT/">
                            <value name="DELAY_TIME">
                              <block type="math_number" id="aX~d~TpEj0gC;}Q=9CPP">
                                <field name="NUM">1000</field>
                              </block>
                            </value>
                            <next>
                              <block type="ez_start_kit_oled_display_show_album2" id="4-hcoLNV-S{L62#p9,U?">
                                <value name="Name">
                                  <block type="text" id="}Hl)C8}U/vapqr|Ow4`:">
                                    <field name="TEXT">n1</field>
                                  </block>
                                </value>
                                <next>
                                  <block type="delay_custom" id="WA2yzgeXDQ8=(}o33apq">
                                    <value name="DELAY_TIME">
                                      <block type="math_number" id="{|Q;4Mvb,dMgh3lTZviS">
                                        <field name="NUM">1000</field>
                                      </block>
                                    </value>
                                    <next>
                                      <block type="ez_start_kit_oled_display_show_album2" id="RSes_4GSOB,nN;:`}KdX">
                                        <value name="Name">
                                          <block type="text" id="]?uhef:~PF:oNkcWY1dX">
                                            <field name="TEXT">lock</field>
                                          </block>
                                        </value>
                                        <next>
                                          <block type="variables_set3" id="G)ZV@sCg#8@/0%B:-r|J">
                                            <field name="VAR" id="5UfJNA0=o79bB6oFD;?9">door</field>
                                            <value name="DELTA">
                                              <shadow type="math_number" id="f3.As}Za^}J?dBzRGKgs">
                                                <field name="NUM">0</field>
                                              </shadow>
                                            </value>
                                            <next>
                                              <block type="procedures_callnoreturn" id="Gd~c?YROZkx@tJMIWA:?">
                                                <mutation xmlns="http://www.w3.org/1999/xhtml" name="start_sound"></mutation>
                                                <value name="VAR">
                                                  <shadow type="lists_create_with" id="@Mi!kg3vppWBQ.iMiCVt">
                                                    <mutation items="0"></mutation>
                                                  </shadow>
                                                </value>
                                                <next>
                                                  <block type="inout_custom_digital_write" id="9ZU!QMklGSy^i;wV4#?l">
                                                    <value name="PIN">
                                                      <block type="math_number" id="_nNj.AM/!T+h7BM/GuT)">
                                                        <field name="NUM">26</field>
                                                      </block>
                                                    </value>
                                                    <value name="STAT">
                                                      <block type="inout_highlow" id=":PyLBR,Z2E}%Vnx6p#!c">
                                                        <field name="BOOL">LOW</field>
                                                      </block>
                                                    </value>
                                                  </block>
                                                </next>
                                              </block>
                                            </next>
                                          </block>
                                        </next>
                                      </block>
                                    </next>
                                  </block>
                                </next>
                              </block>
                            </next>
                          </block>
                        </next>
                      </block>
                    </next>
                  </block>
                </next>
              </block>
            </next>
          </block>
        </next>
      </block>
    </statement>
  </block>
</xml>