<xml version="F1" board="ESP32 Dev Module" xmlns="https://developers.google.com/blockly/xml">
  <variables>
    <variable id="4uV)/cwWE,?aQBLUam?K">card</variable>
  </variables>
  <block type="board_initializes_setup" id="0" x="190" y="190">
    <field name="BOARD_TYPE">ESP32</field>
    <statement name="CONTENT">
      <block type="ez_start_kit_oled_display_setting" id="xaaDzNN2YH(qXpK3K]=@">
        <next>
          <block type="ez_start_kit_oled_display_set_font" id="y/U7nG20$RRE13dPUWPS">
            <field name="FONT">u8g2_font_8x13_mf</field>
            <next>
              <block type="ez_start_kit_oled_display_clear" id="DmrLx*5fg/@v7xzu=2`y">
                <next>
                  <block type="variables_set" id="/Dp2AGv(nv@PYjS,^j=e">
                    <field name="POSITION">global</field>
                    <field name="TYPE">String</field>
                    <field name="VAR" id="4uV)/cwWE,?aQBLUam?K">card</field>
                    <value name="VALUE">
                      <shadow type="math_number" id="f2NAcwD4;lVl7}DR@oY2">
                        <field name="NUM">0</field>
                      </shadow>
                      <block type="text" id="N84wUoYC@.0a@BtrgeBR">
                        <field name="TEXT"></field>
                      </block>
                    </value>
                  </block>
                </next>
              </block>
            </next>
          </block>
        </next>
      </block>
    </statement>
    <next>
      <block type="initializes_loop" id="1">
        <statement name="CONTENT">
          <block type="variables_set3" id="3Rrt*J4ch_~2zDjY4(vf">
            <field name="VAR" id="4uV)/cwWE,?aQBLUam?K">card</field>
            <value name="DELTA">
              <shadow type="math_number" id="ACIrG)OMx(t~$:?.)SDM">
                <field name="NUM">0</field>
              </shadow>
              <block type="m5_mini_rfid" id="I!fuJFGEfj(qK[}krC`;"></block>
            </value>
            <next>
              <block type="controls_if" id="qXd]hD*5RP*isF,I+v@U">
                <value name="IF0">
                  <block type="logic_compare" id="~AwW*WXf1b=+5wtRGBar">
                    <field name="OP">NEQ</field>
                    <value name="A">
                      <block type="variables_get" id="%7X[1vjf95mLl-GsQh^D">
                        <field name="VAR" id="4uV)/cwWE,?aQBLUam?K">card</field>
                      </block>
                    </value>
                    <value name="B">
                      <block type="text" id="!Yst9es,?I8RXfj7JwCl">
                        <field name="TEXT"></field>
                      </block>
                    </value>
                  </block>
                </value>
                <statement name="DO0">
                  <block type="ez_start_kit_oled_display_draw_commands" id="s/@$XinUJ`V:lvDJtYf~">
                    <statement name="DRAW_CMD">
                      <block type="oled_display_draw_text" id="F*xt^*#E)U0s3vvuB}YP">
                        <value name="START_X">
                          <block type="math_number" id="1bMRDI%mCr2Sb*X#RQAh">
                            <field name="NUM">0</field>
                          </block>
                        </value>
                        <value name="START_Y">
                          <block type="math_number" id="VL=}CS=@L=}E[`g4M!MG">
                            <field name="NUM">0</field>
                          </block>
                        </value>
                        <value name="CONTENT">
                          <block type="variables_get" id="X(F}wTyxFVbe9w|T0W@[">
                            <field name="VAR" id="4uV)/cwWE,?aQBLUam?K">card</field>
                          </block>
                        </value>
                      </block>
                    </statement>
                  </block>
                </statement>
                <next>
                  <block type="delay_custom" id="SdM|ZOZgA{$C-FDKEr50">
                    <value name="DELAY_TIME">
                      <block type="math_number" id="fc#NJOokx*pq+OG#kb)R">
                        <field name="NUM">100</field>
                      </block>
                    </value>
                  </block>
                </next>
              </block>
            </next>
          </block>
        </statement>
      </block>
    </next>
  </block>
</xml>